id,website,category,asin,title,price,brand,screen_size,display_quality,screen_surface,screen_resolution,link
162,Amazon,monitor,,,,,,,,,https://www.amazon.com/DJiEX-Curved-Monitor-1920x1080p-Refresh/dp/B0FH15NX68/ref=sr_1_164?dib=eyJ2IjoiMSJ9.PQ0Oxhes_OyufLsEnjNjwXSVhz89Ea-F6wH7MZ386LrZGedp0VUoMiqCz1hb2h3niXh_c8j0ntpLp9UvrVpPsaSGZmg_vMjv9lOr9pA5Af5Vb55saMNhtU0Lfrf23Fr6Sz4eCxwBgwodJP4RcLGzow5Lu-Cf4cHfR-78OYmC2IwOvZWxhYO4_7tuFF3w4SgjGn6_VFnIxGQ27-lJlaJhxEhtOkaUE124mqYX-B5H1Pk.RdLb-JDxur9SHkQnk8kLvXlhU3aaDDesdCvobLBUx2c&dib_tag=se&keywords=monitor&qid=1762559196&sr=8-164
163,Amazon,monitor,,,,,,,,,https://www.amazon.com/KOORUI-FreeSync-Mountable-1920x1080-DisplayPort/dp/B0BCDD4KTK/ref=sr_1_165?dib=eyJ2IjoiMSJ9.PQ0Oxhes_OyufLsEnjNjwXSVhz89Ea-F6wH7MZ386LrZGedp0VUoMiqCz1hb2h3niXh_c8j0ntpLp9UvrVpPsaSGZmg_vMjv9lOr9pA5Af5Vb55saMNhtU0Lfrf23Fr6Sz4eCxwBgwodJP4RcLGzow5Lu-Cf4cHfR-78OYmC2IwOvZWxhYO4_7tuFF3w4SgjGn6_VFnIxGQ27-lJlaJhxEhtOkaUE124mqYX-B5H1Pk.RdLb-JDxur9SHkQnk8kLvXlhU3aaDDesdCvobLBUx2c&dib_tag=se&keywords=monitor&qid=1762559196&sr=8-165
164,Amazon,monitor,,,,,,,,,https://www.amazon.com/AOC-27G4H-Monitor-1920x1080-Zero-Bright-Dot/dp/B0F4M14B9L/ref=sr_1_166?dib=eyJ2IjoiMSJ9.PQ0Oxhes_OyufLsEnjNjwXSVhz89Ea-F6wH7MZ386LrZGedp0VUoMiqCz1hb2h3niXh_c8j0ntpLp9UvrVpPsaSGZmg_vMjv9lOr9pA5Af5Vb55saMNhtU0Lfrf23Fr6Sz4eCxwBgwodJP4RcLGzow5Lu-Cf4cHfR-78OYmC2IwOvZWxhYO4_7tuFF3w4SgjGn6_VFnIxGQ27-lJlaJhxEhtOkaUE124mqYX-B5H1Pk.RdLb-JDxur9SHkQnk8kLvXlhU3aaDDesdCvobLBUx2c&dib_tag=se&keywords=monitor&qid=1762559196&sr=8-166
165,Amazon,monitor,,,,,,,,,https://www.amazon.com/INNOCN-Monitor-Desktop-DisplayPort-25G2S/dp/B0DSPLKKZV/ref=sr_1_167?dib=eyJ2IjoiMSJ9.PQ0Oxhes_OyufLsEnjNjwXSVhz89Ea-F6wH7MZ386LrZGedp0VUoMiqCz1hb2h3niXh_c8j0ntpLp9UvrVpPsaSGZmg_vMjv9lOr9pA5Af5Vb55saMNhtU0Lfrf23Fr6Sz4eCxwBgwodJP4RcLGzow5Lu-Cf4cHfR-78OYmC2IwOvZWxhYO4_7tuFF3w4SgjGn6_VFnIxGQ27-lJlaJhxEhtOkaUE124mqYX-B5H1Pk.RdLb-JDxur9SHkQnk8kLvXlhU3aaDDesdCvobLBUx2c&dib_tag=se&keywords=monitor&qid=1762559196&sr=8-167
166,Amazon,monitor,,,,,,,,,https://www.amazon.com/LG-27GS60QC-B-DisplayPort-Borderless-Stabilizer/dp/B0D2FZS3JM/ref=sr_1_168?dib=eyJ2IjoiMSJ9.PQ0Oxhes_OyufLsEnjNjwXSVhz89Ea-F6wH7MZ386LrZGedp0VUoMiqCz1hb2h3niXh_c8j0ntpLp9UvrVpPsaSGZmg_vMjv9lOr9pA5Af5Vb55saMNhtU0Lfrf23Fr6Sz4eCxwBgwodJP4RcLGzow5Lu-Cf4cHfR-78OYmC2IwOvZWxhYO4_7tuFF3w4SgjGn6_VFnIxGQ27-lJlaJhxEhtOkaUE124mqYX-B5H1Pk.RdLb-JDxur9SHkQnk8kLvXlhU3aaDDesdCvobLBUx2c&dib_tag=se&keywords=monitor&qid=1762559196&sr=8-168
167,Amazon,monitor,,,,,,,,,https://www.amazon.com/1920x1080P-Professional-Frameless-Flicker-less-Mountable-Black/dp/B09VSTTGL5/ref=sr_1_170?dib=eyJ2IjoiMSJ9.PQ0Oxhes_OyufLsEnjNjwXSVhz89Ea-F6wH7MZ386LrZGedp0VUoMiqCz1hb2h3niXh_c8j0ntpLp9UvrVpPsaSGZmg_vMjv9lOr9pA5Af5Vb55saMNhtU0Lfrf23Fr6Sz4eCxwBgwodJP4RcLGzow5Lu-Cf4cHfR-78OYmC2IwOvZWxhYO4_7tuFF3w4SgjGn6_VFnIxGQ27-lJlaJhxEhtOkaUE124mqYX-B5H1Pk.RdLb-JDxur9SHkQnk8kLvXlhU3aaDDesdCvobLBUx2c&dib_tag=se&keywords=monitor&qid=1762559196&sr=8-170
168,Amazon,monitor,,,,,,,,,https://www.amazon.com/ASUS-Gaming-1080P-Monitor-VG259QMRL5A/dp/B0F73CV58N/ref=sr_1_169?dib=eyJ2IjoiMSJ9.PQ0Oxhes_OyufLsEnjNjwXSVhz89Ea-F6wH7MZ386LrZGedp0VUoMiqCz1hb2h3niXh_c8j0ntpLp9UvrVpPsaSGZmg_vMjv9lOr9pA5Af5Vb55saMNhtU0Lfrf23Fr6Sz4eCxwBgwodJP4RcLGzow5Lu-Cf4cHfR-78OYmC2IwOvZWxhYO4_7tuFF3w4SgjGn6_VFnIxGQ27-lJlaJhxEhtOkaUE124mqYX-B5H1Pk.RdLb-JDxur9SHkQnk8kLvXlhU3aaDDesdCvobLBUx2c&dib_tag=se&keywords=monitor&qid=1762559196&sr=8-169
169,Amazon,monitor,,,,,,,,,https://www.amazon.com/ARZOPA-2560x1440-Computer-Adaptive-Sync-Response/dp/B0D2W7LCN9/ref=sr_1_173?dib=eyJ2IjoiMSJ9.PQ0Oxhes_OyufLsEnjNjwXSVhz89Ea-F6wH7MZ386LrZGedp0VUoMiqCz1hb2h3niXh_c8j0ntpLp9UvrVpPsaSGZmg_vMjv9lOr9pA5Af5Vb55saMNhtU0Lfrf23Fr6Sz4eCxwBgwodJP4RcLGzow5Lu-Cf4cHfR-78OYmC2IwOvZWxhYO4_7tuFF3w4SgjGn6_VFnIxGQ27-lJlaJhxEhtOkaUE124mqYX-B5H1Pk.RdLb-JDxur9SHkQnk8kLvXlhU3aaDDesdCvobLBUx2c&dib_tag=se&keywords=monitor&qid=1762559196&sr=8-173
170,Amazon,monitor,,,,,,,,,https://www.amazon.com/LG-40U990A-W-Ultrafine-Thunderbolt-DisplayHDR/dp/B0FHWYXFSF/ref=sr_1_174?dib=eyJ2IjoiMSJ9.PQ0Oxhes_OyufLsEnjNjwXSVhz89Ea-F6wH7MZ386LrZGedp0VUoMiqCz1hb2h3niXh_c8j0ntpLp9UvrVpPsaSGZmg_vMjv9lOr9pA5Af5Vb55saMNhtU0Lfrf23Fr6Sz4eCxwBgwodJP4RcLGzow5Lu-Cf4cHfR-78OYmC2IwOvZWxhYO4_7tuFF3w4SgjGn6_VFnIxGQ27-lJlaJhxEhtOkaUE124mqYX-B5H1Pk.RdLb-JDxur9SHkQnk8kLvXlhU3aaDDesdCvobLBUx2c&dib_tag=se&keywords=monitor&qid=1762559196&sr=8-174
171,Amazon,monitor,,,,,,,,,https://www.amazon.com/PHILIPS-34E1C5600HE-UltraWide-QHD-Built/dp/B0BQQ7H8TZ/ref=sr_1_175?dib=eyJ2IjoiMSJ9.PQ0Oxhes_OyufLsEnjNjwXSVhz89Ea-F6wH7MZ386LrZGedp0VUoMiqCz1hb2h3niXh_c8j0ntpLp9UvrVpPsaSGZmg_vMjv9lOr9pA5Af5Vb55saMNhtU0Lfrf23Fr6Sz4eCxwBgwodJP4RcLGzow5Lu-Cf4cHfR-78OYmC2IwOvZWxhYO4_7tuFF3w4SgjGn6_VFnIxGQ27-lJlaJhxEhtOkaUE124mqYX-B5H1Pk.RdLb-JDxur9SHkQnk8kLvXlhU3aaDDesdCvobLBUx2c&dib_tag=se&keywords=monitor&qid=1762559196&sr=8-175
172,Amazon,monitor,,,,,,,,,https://www.amazon.com/ASUS-Gaming-Curved-Monitor-VG27WQ3B/dp/B0DG1M1JKL/ref=sr_1_176?dib=eyJ2IjoiMSJ9.PQ0Oxhes_OyufLsEnjNjwXSVhz89Ea-F6wH7MZ386LrZGedp0VUoMiqCz1hb2h3niXh_c8j0ntpLp9UvrVpPsaSGZmg_vMjv9lOr9pA5Af5Vb55saMNhtU0Lfrf23Fr6Sz4eCxwBgwodJP4RcLGzow5Lu-Cf4cHfR-78OYmC2IwOvZWxhYO4_7tuFF3w4SgjGn6_VFnIxGQ27-lJlaJhxEhtOkaUE124mqYX-B5H1Pk.RdLb-JDxur9SHkQnk8kLvXlhU3aaDDesdCvobLBUx2c&dib_tag=se&keywords=monitor&qid=1762559196&sr=8-176
173,Amazon,monitor,,,,,,,,,https://www.amazon.com/Sceptre-FreeSync-Speakers-Displayport-C325B-FWD240/dp/B0FH14H9X3/ref=sr_1_177?dib=eyJ2IjoiMSJ9.PQ0Oxhes_OyufLsEnjNjwXSVhz89Ea-F6wH7MZ386LrZGedp0VUoMiqCz1hb2h3niXh_c8j0ntpLp9UvrVpPsaSGZmg_vMjv9lOr9pA5Af5Vb55saMNhtU0Lfrf23Fr6Sz4eCxwBgwodJP4RcLGzow5Lu-Cf4cHfR-78OYmC2IwOvZWxhYO4_7tuFF3w4SgjGn6_VFnIxGQ27-lJlaJhxEhtOkaUE124mqYX-B5H1Pk.RdLb-JDxur9SHkQnk8kLvXlhU3aaDDesdCvobLBUx2c&dib_tag=se&keywords=monitor&qid=1762559196&sr=8-177
174,Amazon,monitor,,"BenQ Zowie XL2586X+ 24.1 New Fast TN 600Hz Gaming Monitor, DyAc 2, 1080p, Auto Game Mode by XL Setting to Share, Height Adjustment Powered by Industrial-Grade Bearing Design, S Switch, Shielding Hood",999.99,BenQ,24.1 Inches,FHD 1080p,Matte,,https://www.amazon.com/BenQ-XL2586X-Adjustment-Industrial-Grade-Shielding/dp/B0DK5TZMHV/ref=sr_1_178?dib=eyJ2IjoiMSJ9.PQ0Oxhes_OyufLsEnjNjwXSVhz89Ea-F6wH7MZ386LrZGedp0VUoMiqCz1hb2h3niXh_c8j0ntpLp9UvrVpPsaSGZmg_vMjv9lOr9pA5Af5Vb55saMNhtU0Lfrf23Fr6Sz4eCxwBgwodJP4RcLGzow5Lu-Cf4cHfR-78OYmC2IwOvZWxhYO4_7tuFF3w4SgjGn6_VFnIxGQ27-lJlaJhxEhtOkaUE124mqYX-B5H1Pk.RdLb-JDxur9SHkQnk8kLvXlhU3aaDDesdCvobLBUx2c&dib_tag=se&keywords=monitor&qid=1762559196&sr=8-178
175,Amazon,monitor,,,,,,,,,https://www.amazon.com/ASUS-Gaming-Curved-Monitor-VG27VQM1B/dp/B0CZWT9782/ref=sr_1_179?dib=eyJ2IjoiMSJ9.PQ0Oxhes_OyufLsEnjNjwXSVhz89Ea-F6wH7MZ386LrZGedp0VUoMiqCz1hb2h3niXh_c8j0ntpLp9UvrVpPsaSGZmg_vMjv9lOr9pA5Af5Vb55saMNhtU0Lfrf23Fr6Sz4eCxwBgwodJP4RcLGzow5Lu-Cf4cHfR-78OYmC2IwOvZWxhYO4_7tuFF3w4SgjGn6_VFnIxGQ27-lJlaJhxEhtOkaUE124mqYX-B5H1Pk.RdLb-JDxur9SHkQnk8kLvXlhU3aaDDesdCvobLBUx2c&dib_tag=se&keywords=monitor&qid=1762559196&sr=8-179
176,Amazon,monitor,,,,,,,,,https://www.amazon.com/ASUS-viewable-eSports-Monitor-XG259QNS/dp/B0CV2219GY/ref=sr_1_180?dib=eyJ2IjoiMSJ9.PQ0Oxhes_OyufLsEnjNjwXSVhz89Ea-F6wH7MZ386LrZGedp0VUoMiqCz1hb2h3niXh_c8j0ntpLp9UvrVpPsaSGZmg_vMjv9lOr9pA5Af5Vb55saMNhtU0Lfrf23Fr6Sz4eCxwBgwodJP4RcLGzow5Lu-Cf4cHfR-78OYmC2IwOvZWxhYO4_7tuFF3w4SgjGn6_VFnIxGQ27-lJlaJhxEhtOkaUE124mqYX-B5H1Pk.RdLb-JDxur9SHkQnk8kLvXlhU3aaDDesdCvobLBUx2c&dib_tag=se&keywords=monitor&qid=1762559196&sr=8-180
177,Amazon,monitor,,"CRUA 27"" Curved Monitor, FHD(1920x1080P) VA Panel, 100HZ, 120% sRGB Professional Computer Monitor, Narrow Bezels on Three Sides, Blue Light Filter, Office and Dormitory(HDMI, VGA)-Black",109.99,CRUA,27 Inches,FHD 1080p,Matte,,https://www.amazon.com/1920x1080P-Professional-Frameless-Flicker-less-Mountable-Black/dp/B09VSTTGL5/ref=sr_1_180?dib=eyJ2IjoiMSJ9.VO956aIvVLQ8WO2iUMXB1JqRnjqvZgLyfuJAMuWIgDbOQYpuJTwnc9MKA0M2MsD5MPxrh-Arkuug6OMTjh6r8_sqGPdPYrVeRdp2l9QTLCw6zdpsfDYUxGlpWBjAK26oqGAnVYI1_TmcAMv2hnyjkbxWQQvrr2lMYdu4dYB8Zg9YChL1DD35kcC4xAGH3rDUXPE_32w9B_3RhBUv8zX6grUxZ_snFwlF0Bob-LI7Zck.J8YReG2Kr2AB4jCwRs4E5ht5vspg1g8gW6-PvEEAwVI&dib_tag=se&keywords=monitor&qid=1762559201&sr=8-180
178,Amazon,monitor,,,,,,,,,https://www.amazon.com/LG-27GS60QC-B-DisplayPort-Borderless-Stabilizer/dp/B0D2FZS3JM/ref=sr_1_179?dib=eyJ2IjoiMSJ9.VO956aIvVLQ8WO2iUMXB1JqRnjqvZgLyfuJAMuWIgDbOQYpuJTwnc9MKA0M2MsD5MPxrh-Arkuug6OMTjh6r8_sqGPdPYrVeRdp2l9QTLCw6zdpsfDYUxGlpWBjAK26oqGAnVYI1_TmcAMv2hnyjkbxWQQvrr2lMYdu4dYB8Zg9YChL1DD35kcC4xAGH3rDUXPE_32w9B_3RhBUv8zX6grUxZ_snFwlF0Bob-LI7Zck.J8YReG2Kr2AB4jCwRs4E5ht5vspg1g8gW6-PvEEAwVI&dib_tag=se&keywords=monitor&qid=1762559201&sr=8-179
179,Amazon,monitor,,,,,,,,,https://www.amazon.com/LG-40U990A-W-Ultrafine-Thunderbolt-DisplayHDR/dp/B0FHWYXFSF/ref=sr_1_181?dib=eyJ2IjoiMSJ9.VO956aIvVLQ8WO2iUMXB1JqRnjqvZgLyfuJAMuWIgDbOQYpuJTwnc9MKA0M2MsD5MPxrh-Arkuug6OMTjh6r8_sqGPdPYrVeRdp2l9QTLCw6zdpsfDYUxGlpWBjAK26oqGAnVYI1_TmcAMv2hnyjkbxWQQvrr2lMYdu4dYB8Zg9YChL1DD35kcC4xAGH3rDUXPE_32w9B_3RhBUv8zX6grUxZ_snFwlF0Bob-LI7Zck.J8YReG2Kr2AB4jCwRs4E5ht5vspg1g8gW6-PvEEAwVI&dib_tag=se&keywords=monitor&qid=1762559201&sr=8-181
180,Amazon,monitor,,,,,,,,,https://www.amazon.com/ARZOPA-2560x1440-Computer-Adaptive-Sync-Response/dp/B0D2W7LCN9/ref=sr_1_182?dib=eyJ2IjoiMSJ9.VO956aIvVLQ8WO2iUMXB1JqRnjqvZgLyfuJAMuWIgDbOQYpuJTwnc9MKA0M2MsD5MPxrh-Arkuug6OMTjh6r8_sqGPdPYrVeRdp2l9QTLCw6zdpsfDYUxGlpWBjAK26oqGAnVYI1_TmcAMv2hnyjkbxWQQvrr2lMYdu4dYB8Zg9YChL1DD35kcC4xAGH3rDUXPE_32w9B_3RhBUv8zX6grUxZ_snFwlF0Bob-LI7Zck.J8YReG2Kr2AB4jCwRs4E5ht5vspg1g8gW6-PvEEAwVI&dib_tag=se&keywords=monitor&qid=1762559201&sr=8-182
181,Amazon,monitor,,,,,,,,,https://www.amazon.com/PHILIPS-34E1C5600HE-UltraWide-QHD-Built/dp/B0BQQ7H8TZ/ref=sr_1_184?dib=eyJ2IjoiMSJ9.VO956aIvVLQ8WO2iUMXB1JqRnjqvZgLyfuJAMuWIgDbOQYpuJTwnc9MKA0M2MsD5MPxrh-Arkuug6OMTjh6r8_sqGPdPYrVeRdp2l9QTLCw6zdpsfDYUxGlpWBjAK26oqGAnVYI1_TmcAMv2hnyjkbxWQQvrr2lMYdu4dYB8Zg9YChL1DD35kcC4xAGH3rDUXPE_32w9B_3RhBUv8zX6grUxZ_snFwlF0Bob-LI7Zck.J8YReG2Kr2AB4jCwRs4E5ht5vspg1g8gW6-PvEEAwVI&dib_tag=se&keywords=monitor&qid=1762559201&sr=8-184
182,Amazon,monitor,,"ASUS TUF Gaming Series 5 24.5” 1080P Gaming Monitor (VG259QMRL5A) - Full HD, Fast-IPS Panel, 310Hz, 0.3ms, DisplayHDR400, 99% sRGB, Height Adjustable, DisplayWidget, Gaming AI, 3 yr Warranty",149.0,ASUS,24.5 Inches,FHD 1080p,Matte,,https://www.amazon.com/ASUS-Gaming-1080P-Monitor-VG259QMRL5A/dp/B0F73CV58N/ref=sr_1_183?dib=eyJ2IjoiMSJ9.VO956aIvVLQ8WO2iUMXB1JqRnjqvZgLyfuJAMuWIgDbOQYpuJTwnc9MKA0M2MsD5MPxrh-Arkuug6OMTjh6r8_sqGPdPYrVeRdp2l9QTLCw6zdpsfDYUxGlpWBjAK26oqGAnVYI1_TmcAMv2hnyjkbxWQQvrr2lMYdu4dYB8Zg9YChL1DD35kcC4xAGH3rDUXPE_32w9B_3RhBUv8zX6grUxZ_snFwlF0Bob-LI7Zck.J8YReG2Kr2AB4jCwRs4E5ht5vspg1g8gW6-PvEEAwVI&dib_tag=se&keywords=monitor&qid=1762559201&sr=8-183
183,Amazon,monitor,,,,,,,,,https://www.amazon.com/Sceptre-FreeSync-Speakers-Displayport-C325B-FWD240/dp/B0FH14H9X3/ref=sr_1_185?dib=eyJ2IjoiMSJ9.VO956aIvVLQ8WO2iUMXB1JqRnjqvZgLyfuJAMuWIgDbOQYpuJTwnc9MKA0M2MsD5MPxrh-Arkuug6OMTjh6r8_sqGPdPYrVeRdp2l9QTLCw6zdpsfDYUxGlpWBjAK26oqGAnVYI1_TmcAMv2hnyjkbxWQQvrr2lMYdu4dYB8Zg9YChL1DD35kcC4xAGH3rDUXPE_32w9B_3RhBUv8zX6grUxZ_snFwlF0Bob-LI7Zck.J8YReG2Kr2AB4jCwRs4E5ht5vspg1g8gW6-PvEEAwVI&dib_tag=se&keywords=monitor&qid=1762559201&sr=8-185
184,Amazon,monitor,,,,,,,,,https://www.amazon.com/ASUS-Gaming-Curved-Monitor-VG27WQ3B/dp/B0DG1M1JKL/ref=sr_1_186?dib=eyJ2IjoiMSJ9.VO956aIvVLQ8WO2iUMXB1JqRnjqvZgLyfuJAMuWIgDbOQYpuJTwnc9MKA0M2MsD5MPxrh-Arkuug6OMTjh6r8_sqGPdPYrVeRdp2l9QTLCw6zdpsfDYUxGlpWBjAK26oqGAnVYI1_TmcAMv2hnyjkbxWQQvrr2lMYdu4dYB8Zg9YChL1DD35kcC4xAGH3rDUXPE_32w9B_3RhBUv8zX6grUxZ_snFwlF0Bob-LI7Zck.J8YReG2Kr2AB4jCwRs4E5ht5vspg1g8gW6-PvEEAwVI&dib_tag=se&keywords=monitor&qid=1762559201&sr=8-186
185,Amazon,monitor,,,,,,,,,https://www.amazon.com/ASUS-Swift-Gaming-Monitor-PG32UCDP/dp/B0D7NNK43H/ref=sr_1_189?dib=eyJ2IjoiMSJ9.VO956aIvVLQ8WO2iUMXB1JqRnjqvZgLyfuJAMuWIgDbOQYpuJTwnc9MKA0M2MsD5MPxrh-Arkuug6OMTjh6r8_sqGPdPYrVeRdp2l9QTLCw6zdpsfDYUxGlpWBjAK26oqGAnVYI1_TmcAMv2hnyjkbxWQQvrr2lMYdu4dYB8Zg9YChL1DD35kcC4xAGH3rDUXPE_32w9B_3RhBUv8zX6grUxZ_snFwlF0Bob-LI7Zck.J8YReG2Kr2AB4jCwRs4E5ht5vspg1g8gW6-PvEEAwVI&dib_tag=se&keywords=monitor&qid=1762559201&sr=8-189
186,Amazon,monitor,,,,,,,,,https://www.amazon.com/BenQ-XL2586X-Adjustment-Industrial-Grade-Shielding/dp/B0DK5TZMHV/ref=sr_1_190?dib=eyJ2IjoiMSJ9.VO956aIvVLQ8WO2iUMXB1JqRnjqvZgLyfuJAMuWIgDbOQYpuJTwnc9MKA0M2MsD5MPxrh-Arkuug6OMTjh6r8_sqGPdPYrVeRdp2l9QTLCw6zdpsfDYUxGlpWBjAK26oqGAnVYI1_TmcAMv2hnyjkbxWQQvrr2lMYdu4dYB8Zg9YChL1DD35kcC4xAGH3rDUXPE_32w9B_3RhBUv8zX6grUxZ_snFwlF0Bob-LI7Zck.J8YReG2Kr2AB4jCwRs4E5ht5vspg1g8gW6-PvEEAwVI&dib_tag=se&keywords=monitor&qid=1762559201&sr=8-190
187,Amazon,monitor,,,,,,,,,https://www.amazon.com/ASUS-Gaming-Curved-Monitor-VG27VQM1B/dp/B0CZWT9782/ref=sr_1_191?dib=eyJ2IjoiMSJ9.VO956aIvVLQ8WO2iUMXB1JqRnjqvZgLyfuJAMuWIgDbOQYpuJTwnc9MKA0M2MsD5MPxrh-Arkuug6OMTjh6r8_sqGPdPYrVeRdp2l9QTLCw6zdpsfDYUxGlpWBjAK26oqGAnVYI1_TmcAMv2hnyjkbxWQQvrr2lMYdu4dYB8Zg9YChL1DD35kcC4xAGH3rDUXPE_32w9B_3RhBUv8zX6grUxZ_snFwlF0Bob-LI7Zck.J8YReG2Kr2AB4jCwRs4E5ht5vspg1g8gW6-PvEEAwVI&dib_tag=se&keywords=monitor&qid=1762559201&sr=8-191
188,Amazon,monitor,,,,,,,,,https://www.amazon.com/ASUS-viewable-eSports-Monitor-XG259QNS/dp/B0CV2219GY/ref=sr_1_192?dib=eyJ2IjoiMSJ9.VO956aIvVLQ8WO2iUMXB1JqRnjqvZgLyfuJAMuWIgDbOQYpuJTwnc9MKA0M2MsD5MPxrh-Arkuug6OMTjh6r8_sqGPdPYrVeRdp2l9QTLCw6zdpsfDYUxGlpWBjAK26oqGAnVYI1_TmcAMv2hnyjkbxWQQvrr2lMYdu4dYB8Zg9YChL1DD35kcC4xAGH3rDUXPE_32w9B_3RhBUv8zX6grUxZ_snFwlF0Bob-LI7Zck.J8YReG2Kr2AB4jCwRs4E5ht5vspg1g8gW6-PvEEAwVI&dib_tag=se&keywords=monitor&qid=1762559201&sr=8-192
189,Amazon,monitor,,,,,,,,,https://www.amazon.com/ASUS-XG259CMS-Compatible-DisplayWidget-warranty/dp/B0CV22HQR3/ref=sr_1_193?dib=eyJ2IjoiMSJ9.VO956aIvVLQ8WO2iUMXB1JqRnjqvZgLyfuJAMuWIgDbOQYpuJTwnc9MKA0M2MsD5MPxrh-Arkuug6OMTjh6r8_sqGPdPYrVeRdp2l9QTLCw6zdpsfDYUxGlpWBjAK26oqGAnVYI1_TmcAMv2hnyjkbxWQQvrr2lMYdu4dYB8Zg9YChL1DD35kcC4xAGH3rDUXPE_32w9B_3RhBUv8zX6grUxZ_snFwlF0Bob-LI7Zck.J8YReG2Kr2AB4jCwRs4E5ht5vspg1g8gW6-PvEEAwVI&dib_tag=se&keywords=monitor&qid=1762559201&sr=8-193
190,Amazon,monitor,,,,,,,,,https://www.amazon.com/LG-Thunderbolt-Professional-DisplayHDR-DisplayPort/dp/B0FR547FXH/ref=sr_1_194?dib=eyJ2IjoiMSJ9.VO956aIvVLQ8WO2iUMXB1JqRnjqvZgLyfuJAMuWIgDbOQYpuJTwnc9MKA0M2MsD5MPxrh-Arkuug6OMTjh6r8_sqGPdPYrVeRdp2l9QTLCw6zdpsfDYUxGlpWBjAK26oqGAnVYI1_TmcAMv2hnyjkbxWQQvrr2lMYdu4dYB8Zg9YChL1DD35kcC4xAGH3rDUXPE_32w9B_3RhBUv8zX6grUxZ_snFwlF0Bob-LI7Zck.J8YReG2Kr2AB4jCwRs4E5ht5vspg1g8gW6-PvEEAwVI&dib_tag=se&keywords=monitor&qid=1762559201&sr=8-194
191,Amazon,monitor,,,,,,,,,https://www.amazon.com/2560x1440-FreeSync-DisplayHDR-ErgoStand-F3bmiiprx/dp/B0CZ7P8P4C/ref=sr_1_195?dib=eyJ2IjoiMSJ9.VO956aIvVLQ8WO2iUMXB1JqRnjqvZgLyfuJAMuWIgDbOQYpuJTwnc9MKA0M2MsD5MPxrh-Arkuug6OMTjh6r8_sqGPdPYrVeRdp2l9QTLCw6zdpsfDYUxGlpWBjAK26oqGAnVYI1_TmcAMv2hnyjkbxWQQvrr2lMYdu4dYB8Zg9YChL1DD35kcC4xAGH3rDUXPE_32w9B_3RhBUv8zX6grUxZ_snFwlF0Bob-LI7Zck.J8YReG2Kr2AB4jCwRs4E5ht5vspg1g8gW6-PvEEAwVI&dib_tag=se&keywords=monitor&qid=1762559201&sr=8-195
192,Amazon,monitor,,"KTC 27 Inch Gaming Monitor 200Hz, 1440P Monitor with Speakers, Up to 210Hz Computer Monitors Fast IPS 1ms, 131% sRGB, Adaptive Sync, Tilt/Swivel/Pivot/Height Adjustment, HDMI DisplayPort, White H27T6",209.99,KTC,27 Inches,QHD Wide 1440p,Matte,,https://www.amazon.com/KTC-Speakers-Adjustment-DisplayPort-H27T6/dp/B0FGX75QZ9/ref=sr_1_196?dib=eyJ2IjoiMSJ9.VO956aIvVLQ8WO2iUMXB1JqRnjqvZgLyfuJAMuWIgDbOQYpuJTwnc9MKA0M2MsD5MPxrh-Arkuug6OMTjh6r8_sqGPdPYrVeRdp2l9QTLCw6zdpsfDYUxGlpWBjAK26oqGAnVYI1_TmcAMv2hnyjkbxWQQvrr2lMYdu4dYB8Zg9YChL1DD35kcC4xAGH3rDUXPE_32w9B_3RhBUv8zX6grUxZ_snFwlF0Bob-LI7Zck.J8YReG2Kr2AB4jCwRs4E5ht5vspg1g8gW6-PvEEAwVI&dib_tag=se&keywords=monitor&qid=1762559201&sr=8-196
193,Amazon,monitor,,,,,,,,,https://www.amazon.com/SAMSUNG-Compatible-FreeSync-Ergonomic-LS49DG956SNXGO/dp/B0DHJ7VBJ4/ref=sr_1_195?dib=eyJ2IjoiMSJ9.4GcJL5_SXI7KMkXHebvLu-b3JesIQMNeSkakBxSCgHAFvheRwOMD62ZD1ZnKnXnwFl99XpOTECYZR8a2v80AWTOT5fp6VpxsW56_ZRkiBw5PX3Vqo0s0OYf8R9ZiJj0XgwpBrYjao6o7nOuMV3b7O--SJw-9ve2eyy4m_9dcv3RHkuLFQPplzXJaZSxslxBdLwf4UKCFblbUDGRKbqNDlHXXe9OzBosz71VbovAtzdY.mYigyhbqIJNHWQWlTLmq4zIdqBUy4QYoebSOU6diTpw&dib_tag=se&keywords=monitor&qid=1762559207&sr=8-195
194,Amazon,monitor,,,,,,,,,https://www.amazon.com/ASUS-Swift-Gaming-Monitor-PG32UCDP/dp/B0D7NNK43H/ref=sr_1_196?dib=eyJ2IjoiMSJ9.4GcJL5_SXI7KMkXHebvLu-b3JesIQMNeSkakBxSCgHAFvheRwOMD62ZD1ZnKnXnwFl99XpOTECYZR8a2v80AWTOT5fp6VpxsW56_ZRkiBw5PX3Vqo0s0OYf8R9ZiJj0XgwpBrYjao6o7nOuMV3b7O--SJw-9ve2eyy4m_9dcv3RHkuLFQPplzXJaZSxslxBdLwf4UKCFblbUDGRKbqNDlHXXe9OzBosz71VbovAtzdY.mYigyhbqIJNHWQWlTLmq4zIdqBUy4QYoebSOU6diTpw&dib_tag=se&keywords=monitor&qid=1762559207&sr=8-196
195,Amazon,monitor,,,,,,,,,https://www.amazon.com/ASUS-Display-Professional-Monitor-PA27JCV/dp/B0D6C6F2L8/ref=sr_1_197?dib=eyJ2IjoiMSJ9.4GcJL5_SXI7KMkXHebvLu-b3JesIQMNeSkakBxSCgHAFvheRwOMD62ZD1ZnKnXnwFl99XpOTECYZR8a2v80AWTOT5fp6VpxsW56_ZRkiBw5PX3Vqo0s0OYf8R9ZiJj0XgwpBrYjao6o7nOuMV3b7O--SJw-9ve2eyy4m_9dcv3RHkuLFQPplzXJaZSxslxBdLwf4UKCFblbUDGRKbqNDlHXXe9OzBosz71VbovAtzdY.mYigyhbqIJNHWQWlTLmq4zIdqBUy4QYoebSOU6diTpw&dib_tag=se&keywords=monitor&qid=1762559207&sr=8-197
196,Amazon,monitor,,,,,,,,,https://www.amazon.com/BenQ-XL2586X-Adjustment-Industrial-Grade-Shielding/dp/B0DK5TZMHV/ref=sr_1_198?dib=eyJ2IjoiMSJ9.4GcJL5_SXI7KMkXHebvLu-b3JesIQMNeSkakBxSCgHAFvheRwOMD62ZD1ZnKnXnwFl99XpOTECYZR8a2v80AWTOT5fp6VpxsW56_ZRkiBw5PX3Vqo0s0OYf8R9ZiJj0XgwpBrYjao6o7nOuMV3b7O--SJw-9ve2eyy4m_9dcv3RHkuLFQPplzXJaZSxslxBdLwf4UKCFblbUDGRKbqNDlHXXe9OzBosz71VbovAtzdY.mYigyhbqIJNHWQWlTLmq4zIdqBUy4QYoebSOU6diTpw&dib_tag=se&keywords=monitor&qid=1762559207&sr=8-198
197,Amazon,monitor,,,,,,,,,https://www.amazon.com/ASUS-Ultrawide-QD-OLED-Monitor-XG34WCDG/dp/B0F73CKR9D/ref=sr_1_199?dib=eyJ2IjoiMSJ9.4GcJL5_SXI7KMkXHebvLu-b3JesIQMNeSkakBxSCgHAFvheRwOMD62ZD1ZnKnXnwFl99XpOTECYZR8a2v80AWTOT5fp6VpxsW56_ZRkiBw5PX3Vqo0s0OYf8R9ZiJj0XgwpBrYjao6o7nOuMV3b7O--SJw-9ve2eyy4m_9dcv3RHkuLFQPplzXJaZSxslxBdLwf4UKCFblbUDGRKbqNDlHXXe9OzBosz71VbovAtzdY.mYigyhbqIJNHWQWlTLmq4zIdqBUy4QYoebSOU6diTpw&dib_tag=se&keywords=monitor&qid=1762559207&sr=8-199
198,Amazon,monitor,,,,,,,,,https://www.amazon.com/ASUS-Gaming-Curved-Monitor-VG27VQM1B/dp/B0CZWT9782/ref=sr_1_201?dib=eyJ2IjoiMSJ9.4GcJL5_SXI7KMkXHebvLu-b3JesIQMNeSkakBxSCgHAFvheRwOMD62ZD1ZnKnXnwFl99XpOTECYZR8a2v80AWTOT5fp6VpxsW56_ZRkiBw5PX3Vqo0s0OYf8R9ZiJj0XgwpBrYjao6o7nOuMV3b7O--SJw-9ve2eyy4m_9dcv3RHkuLFQPplzXJaZSxslxBdLwf4UKCFblbUDGRKbqNDlHXXe9OzBosz71VbovAtzdY.mYigyhbqIJNHWQWlTLmq4zIdqBUy4QYoebSOU6diTpw&dib_tag=se&keywords=monitor&qid=1762559207&sr=8-201
199,Amazon,monitor,,,,,,,,,https://www.amazon.com/Business-Widescreen-Anti-Glare-Ultra-Slim-DisplayPort/dp/B09R26WLL6/ref=sr_1_200?dib=eyJ2IjoiMSJ9.4GcJL5_SXI7KMkXHebvLu-b3JesIQMNeSkakBxSCgHAFvheRwOMD62ZD1ZnKnXnwFl99XpOTECYZR8a2v80AWTOT5fp6VpxsW56_ZRkiBw5PX3Vqo0s0OYf8R9ZiJj0XgwpBrYjao6o7nOuMV3b7O--SJw-9ve2eyy4m_9dcv3RHkuLFQPplzXJaZSxslxBdLwf4UKCFblbUDGRKbqNDlHXXe9OzBosz71VbovAtzdY.mYigyhbqIJNHWQWlTLmq4zIdqBUy4QYoebSOU6diTpw&dib_tag=se&keywords=monitor&qid=1762559207&sr=8-200
200,Amazon,monitor,,,,,,,,,https://www.amazon.com/Sceptre-34-inch-Monitor-DisplayPort-Speakers/dp/B0FHMS6993/ref=sr_1_202?dib=eyJ2IjoiMSJ9.4GcJL5_SXI7KMkXHebvLu-b3JesIQMNeSkakBxSCgHAFvheRwOMD62ZD1ZnKnXnwFl99XpOTECYZR8a2v80AWTOT5fp6VpxsW56_ZRkiBw5PX3Vqo0s0OYf8R9ZiJj0XgwpBrYjao6o7nOuMV3b7O--SJw-9ve2eyy4m_9dcv3RHkuLFQPplzXJaZSxslxBdLwf4UKCFblbUDGRKbqNDlHXXe9OzBosz71VbovAtzdY.mYigyhbqIJNHWQWlTLmq4zIdqBUy4QYoebSOU6diTpw&dib_tag=se&keywords=monitor&qid=1762559207&sr=8-202
201,Amazon,monitor,,"SAMSUNG 32-Inch M8 (M80D) Series 4K UHD Smart Monitor with Streaming TV, Speakers, HDR10+, AI Upscaling, USB-C, Ergonomic Stand, SlimFit Camera, Gaming Hub, LS32DM801UNXZA, 2024",399.99,Samsung,32 Inches,4K UHD 2160p,,,https://www.amazon.com/SAMSUNG-Streaming-Upscaling-Ergonomic-LS32DM801UNXZA/dp/B0D1DBQRRS/ref=sr_1_205?dib=eyJ2IjoiMSJ9.4GcJL5_SXI7KMkXHebvLu-b3JesIQMNeSkakBxSCgHAFvheRwOMD62ZD1ZnKnXnwFl99XpOTECYZR8a2v80AWTOT5fp6VpxsW56_ZRkiBw5PX3Vqo0s0OYf8R9ZiJj0XgwpBrYjao6o7nOuMV3b7O--SJw-9ve2eyy4m_9dcv3RHkuLFQPplzXJaZSxslxBdLwf4UKCFblbUDGRKbqNDlHXXe9OzBosz71VbovAtzdY.mYigyhbqIJNHWQWlTLmq4zIdqBUy4QYoebSOU6diTpw&dib_tag=se&keywords=monitor&qid=1762559207&sr=8-205
202,Amazon,monitor,,,,,,,,,https://www.amazon.com/2560x1440-FreeSync-DisplayHDR-ErgoStand-F3bmiiprx/dp/B0CZ7P8P4C/ref=sr_1_206?dib=eyJ2IjoiMSJ9.4GcJL5_SXI7KMkXHebvLu-b3JesIQMNeSkakBxSCgHAFvheRwOMD62ZD1ZnKnXnwFl99XpOTECYZR8a2v80AWTOT5fp6VpxsW56_ZRkiBw5PX3Vqo0s0OYf8R9ZiJj0XgwpBrYjao6o7nOuMV3b7O--SJw-9ve2eyy4m_9dcv3RHkuLFQPplzXJaZSxslxBdLwf4UKCFblbUDGRKbqNDlHXXe9OzBosz71VbovAtzdY.mYigyhbqIJNHWQWlTLmq4zIdqBUy4QYoebSOU6diTpw&dib_tag=se&keywords=monitor&qid=1762559207&sr=8-206
203,Amazon,monitor,,,,,,,,,https://www.amazon.com/ASUS-viewable-eSports-Monitor-XG259QNS/dp/B0CV2219GY/ref=sr_1_207?dib=eyJ2IjoiMSJ9.4GcJL5_SXI7KMkXHebvLu-b3JesIQMNeSkakBxSCgHAFvheRwOMD62ZD1ZnKnXnwFl99XpOTECYZR8a2v80AWTOT5fp6VpxsW56_ZRkiBw5PX3Vqo0s0OYf8R9ZiJj0XgwpBrYjao6o7nOuMV3b7O--SJw-9ve2eyy4m_9dcv3RHkuLFQPplzXJaZSxslxBdLwf4UKCFblbUDGRKbqNDlHXXe9OzBosz71VbovAtzdY.mYigyhbqIJNHWQWlTLmq4zIdqBUy4QYoebSOU6diTpw&dib_tag=se&keywords=monitor&qid=1762559207&sr=8-207
204,Amazon,monitor,,,,,,,,,https://www.amazon.com/INNOCN-Computer-Monitor-Connectivity-Adjustable/dp/B0CC9G5CPH/ref=sr_1_209?dib=eyJ2IjoiMSJ9.4GcJL5_SXI7KMkXHebvLu-b3JesIQMNeSkakBxSCgHAFvheRwOMD62ZD1ZnKnXnwFl99XpOTECYZR8a2v80AWTOT5fp6VpxsW56_ZRkiBw5PX3Vqo0s0OYf8R9ZiJj0XgwpBrYjao6o7nOuMV3b7O--SJw-9ve2eyy4m_9dcv3RHkuLFQPplzXJaZSxslxBdLwf4UKCFblbUDGRKbqNDlHXXe9OzBosz71VbovAtzdY.mYigyhbqIJNHWQWlTLmq4zIdqBUy4QYoebSOU6diTpw&dib_tag=se&keywords=monitor&qid=1762559207&sr=8-209
205,Amazon,monitor,,,,,,,,,https://www.amazon.com/ASUS-XG259CMS-Compatible-DisplayWidget-warranty/dp/B0CV22HQR3/ref=sr_1_208?dib=eyJ2IjoiMSJ9.4GcJL5_SXI7KMkXHebvLu-b3JesIQMNeSkakBxSCgHAFvheRwOMD62ZD1ZnKnXnwFl99XpOTECYZR8a2v80AWTOT5fp6VpxsW56_ZRkiBw5PX3Vqo0s0OYf8R9ZiJj0XgwpBrYjao6o7nOuMV3b7O--SJw-9ve2eyy4m_9dcv3RHkuLFQPplzXJaZSxslxBdLwf4UKCFblbUDGRKbqNDlHXXe9OzBosz71VbovAtzdY.mYigyhbqIJNHWQWlTLmq4zIdqBUy4QYoebSOU6diTpw&dib_tag=se&keywords=monitor&qid=1762559207&sr=8-208
206,Amazon,monitor,,"LG 32U990A-S 32-Inch Ultrafine 6K (6144 x 3456) Nano IPS Black Thunderbolt 5 Professional Monitor, 60Hz, DisplayHDR 600, Speakers, HDMI 2.1, DisplayPort 2.1, USB-C, Tilt/Height/Pivot Stand, Silver",1999.99,LG,32 Inches,6144 x 3456,Matte,,https://www.amazon.com/LG-Thunderbolt-Professional-DisplayHDR-DisplayPort/dp/B0FR547FXH/ref=sr_1_210?dib=eyJ2IjoiMSJ9.4GcJL5_SXI7KMkXHebvLu-b3JesIQMNeSkakBxSCgHAFvheRwOMD62ZD1ZnKnXnwFl99XpOTECYZR8a2v80AWTOT5fp6VpxsW56_ZRkiBw5PX3Vqo0s0OYf8R9ZiJj0XgwpBrYjao6o7nOuMV3b7O--SJw-9ve2eyy4m_9dcv3RHkuLFQPplzXJaZSxslxBdLwf4UKCFblbUDGRKbqNDlHXXe9OzBosz71VbovAtzdY.mYigyhbqIJNHWQWlTLmq4zIdqBUy4QYoebSOU6diTpw&dib_tag=se&keywords=monitor&qid=1762559207&sr=8-210
207,Amazon,monitor,,"KTC 27 Inch Gaming Monitor 200Hz, 1440P Monitor with Speakers, Up to 210Hz Computer Monitors Fast IPS 1ms, 131% sRGB, Adaptive Sync, Tilt/Swivel/Pivot/Height Adjustment, HDMI DisplayPort, White H27T6",209.99,KTC,27 Inches,QHD Wide 1440p,Matte,,https://www.amazon.com/KTC-Speakers-Adjustment-DisplayPort-H27T6/dp/B0FGX75QZ9/ref=sr_1_211?dib=eyJ2IjoiMSJ9.4GcJL5_SXI7KMkXHebvLu-b3JesIQMNeSkakBxSCgHAFvheRwOMD62ZD1ZnKnXnwFl99XpOTECYZR8a2v80AWTOT5fp6VpxsW56_ZRkiBw5PX3Vqo0s0OYf8R9ZiJj0XgwpBrYjao6o7nOuMV3b7O--SJw-9ve2eyy4m_9dcv3RHkuLFQPplzXJaZSxslxBdLwf4UKCFblbUDGRKbqNDlHXXe9OzBosz71VbovAtzdY.mYigyhbqIJNHWQWlTLmq4zIdqBUy4QYoebSOU6diTpw&dib_tag=se&keywords=monitor&qid=1762559207&sr=8-211
208,Amazon,monitor,,,,,,,,,https://www.amazon.com/Samsung-Streaming-Speakers-Accessibility-LS27FM502ENXZA/dp/B0FKKFG6LT/ref=sr_1_212?dib=eyJ2IjoiMSJ9.4GcJL5_SXI7KMkXHebvLu-b3JesIQMNeSkakBxSCgHAFvheRwOMD62ZD1ZnKnXnwFl99XpOTECYZR8a2v80AWTOT5fp6VpxsW56_ZRkiBw5PX3Vqo0s0OYf8R9ZiJj0XgwpBrYjao6o7nOuMV3b7O--SJw-9ve2eyy4m_9dcv3RHkuLFQPplzXJaZSxslxBdLwf4UKCFblbUDGRKbqNDlHXXe9OzBosz71VbovAtzdY.mYigyhbqIJNHWQWlTLmq4zIdqBUy4QYoebSOU6diTpw&dib_tag=se&keywords=monitor&qid=1762559207&sr=8-212
209,Amazon,monitor,,,,,,,,,https://www.amazon.com/ASUS-Display-Professional-Monitor-PA27JCV/dp/B0D6C6F2L8/ref=sr_1_211?dib=eyJ2IjoiMSJ9.tkJwK1Klvm2EUxVYFm_Ou1h3PUHzBg1X5DxUGCB_RBMKyKKiaTX0DZq-AGYCZ5l6OrK8kfivnIUjTfW1qTM6Oa48_6tkhsIaZfFuKSL3De_hh8CQ8Xl9NOTfFgdS0JS2qlquCn02JUBTvggFMqJkkPdS3fRi8f9XCZlvj534KBsJkkdc15VC9w1nAHMPiF171pFxAGqQj3AtQwLTCoXaxuIflTKl9Iprxwac-axuRDI.dtczlFdsJSL3BAlYxdrLm2zvNa6eonfIK_gL2fmI9LU&dib_tag=se&keywords=monitor&qid=1762559212&sr=8-211
210,Amazon,monitor,,,,,,,,,https://www.amazon.com/ASUS-Swift-Gaming-Monitor-PG32UCDP/dp/B0D7NNK43H/ref=sr_1_212?dib=eyJ2IjoiMSJ9.tkJwK1Klvm2EUxVYFm_Ou1h3PUHzBg1X5DxUGCB_RBMKyKKiaTX0DZq-AGYCZ5l6OrK8kfivnIUjTfW1qTM6Oa48_6tkhsIaZfFuKSL3De_hh8CQ8Xl9NOTfFgdS0JS2qlquCn02JUBTvggFMqJkkPdS3fRi8f9XCZlvj534KBsJkkdc15VC9w1nAHMPiF171pFxAGqQj3AtQwLTCoXaxuIflTKl9Iprxwac-axuRDI.dtczlFdsJSL3BAlYxdrLm2zvNa6eonfIK_gL2fmI9LU&dib_tag=se&keywords=monitor&qid=1762559212&sr=8-212
211,Amazon,monitor,,"ASUS ROG Strix 34” Ultrawide QD-OLED HDR Gaming Monitor (XG34WCDG) - 3440x1440, 175Hz, 0.03ms, OLED Care Pro, True 10-bit, G-SYNC Compatible, DisplayWidget, Extreme Low Motion Blur, 3 yr Warranty",999.0,ASUS,34 Inches,QHD Ultra Wide 1440p,Matte,,https://www.amazon.com/ASUS-Ultrawide-QD-OLED-Monitor-XG34WCDG/dp/B0F73CKR9D/ref=sr_1_213?dib=eyJ2IjoiMSJ9.tkJwK1Klvm2EUxVYFm_Ou1h3PUHzBg1X5DxUGCB_RBMKyKKiaTX0DZq-AGYCZ5l6OrK8kfivnIUjTfW1qTM6Oa48_6tkhsIaZfFuKSL3De_hh8CQ8Xl9NOTfFgdS0JS2qlquCn02JUBTvggFMqJkkPdS3fRi8f9XCZlvj534KBsJkkdc15VC9w1nAHMPiF171pFxAGqQj3AtQwLTCoXaxuIflTKl9Iprxwac-axuRDI.dtczlFdsJSL3BAlYxdrLm2zvNa6eonfIK_gL2fmI9LU&dib_tag=se&keywords=monitor&qid=1762559212&sr=8-213
212,Amazon,monitor,,"INNOCN Ultrawide Monitor 43.8"" WFHD 3840 x 1080p 120Hz 32:9 IPS Computer Split Screen 96% DCI-P3 HDR400 FreeSync Premium USB Type-C HDMI Height Adjustable Mountable - 44C1G",449.99,INNOCN,43.8 Inches,FHD 1080p Ultra Wide,Matte,,https://www.amazon.com/INNOCN-Ultrawide-Monitor-1080p-120Hz/dp/B09WR3SKR4/ref=sr_1_214?dib=eyJ2IjoiMSJ9.tkJwK1Klvm2EUxVYFm_Ou1h3PUHzBg1X5DxUGCB_RBMKyKKiaTX0DZq-AGYCZ5l6OrK8kfivnIUjTfW1qTM6Oa48_6tkhsIaZfFuKSL3De_hh8CQ8Xl9NOTfFgdS0JS2qlquCn02JUBTvggFMqJkkPdS3fRi8f9XCZlvj534KBsJkkdc15VC9w1nAHMPiF171pFxAGqQj3AtQwLTCoXaxuIflTKl9Iprxwac-axuRDI.dtczlFdsJSL3BAlYxdrLm2zvNa6eonfIK_gL2fmI9LU&dib_tag=se&keywords=monitor&qid=1762559212&sr=8-214
213,Amazon,monitor,,"Samsung Monitor for Business Gaming, 27"" FHD Curved Widescreen LED Slim Bezel Anti-Glare, AMD FreeSync, 4ms Response Time, 60Hz Refresh Rate, Ultra-Slim, HDMI, DisplayPort, HDMI Cable",185.0,Samsung,27 Inches,FHD 1080p,Glossy,,https://www.amazon.com/Business-Widescreen-Anti-Glare-Ultra-Slim-DisplayPort/dp/B09R26WLL6/ref=sr_1_215?dib=eyJ2IjoiMSJ9.tkJwK1Klvm2EUxVYFm_Ou1h3PUHzBg1X5DxUGCB_RBMKyKKiaTX0DZq-AGYCZ5l6OrK8kfivnIUjTfW1qTM6Oa48_6tkhsIaZfFuKSL3De_hh8CQ8Xl9NOTfFgdS0JS2qlquCn02JUBTvggFMqJkkPdS3fRi8f9XCZlvj534KBsJkkdc15VC9w1nAHMPiF171pFxAGqQj3AtQwLTCoXaxuIflTKl9Iprxwac-axuRDI.dtczlFdsJSL3BAlYxdrLm2zvNa6eonfIK_gL2fmI9LU&dib_tag=se&keywords=monitor&qid=1762559212&sr=8-215
214,Amazon,monitor,,"SAMSUNG 32-Inch M8 (M80D) Series 4K UHD Smart Monitor with Streaming TV, Speakers, HDR10+, AI Upscaling, USB-C, Ergonomic Stand, SlimFit Camera, Gaming Hub, LS32DM801UNXZA, 2024",399.99,Samsung,32 Inches,4K UHD 2160p,,,https://www.amazon.com/SAMSUNG-Streaming-Upscaling-Ergonomic-LS32DM801UNXZA/dp/B0D1DBQRRS/ref=sr_1_216?dib=eyJ2IjoiMSJ9.tkJwK1Klvm2EUxVYFm_Ou1h3PUHzBg1X5DxUGCB_RBMKyKKiaTX0DZq-AGYCZ5l6OrK8kfivnIUjTfW1qTM6Oa48_6tkhsIaZfFuKSL3De_hh8CQ8Xl9NOTfFgdS0JS2qlquCn02JUBTvggFMqJkkPdS3fRi8f9XCZlvj534KBsJkkdc15VC9w1nAHMPiF171pFxAGqQj3AtQwLTCoXaxuIflTKl9Iprxwac-axuRDI.dtczlFdsJSL3BAlYxdrLm2zvNa6eonfIK_gL2fmI9LU&dib_tag=se&keywords=monitor&qid=1762559212&sr=8-216
215,Amazon,monitor,,"Sceptre New IPS 34-inch Prime Monitor 3440 x 1440 up to 115Hz 103% sRGB DisplayPort HDMI Build-in Speakers, Machine Black 2026 (E345W Series)",179.97,Sceptre,34 Inches,QHD Ultra Wide 1440p,Matte,,https://www.amazon.com/Sceptre-34-inch-Monitor-DisplayPort-Speakers/dp/B0FHMS6993/ref=sr_1_217?dib=eyJ2IjoiMSJ9.tkJwK1Klvm2EUxVYFm_Ou1h3PUHzBg1X5DxUGCB_RBMKyKKiaTX0DZq-AGYCZ5l6OrK8kfivnIUjTfW1qTM6Oa48_6tkhsIaZfFuKSL3De_hh8CQ8Xl9NOTfFgdS0JS2qlquCn02JUBTvggFMqJkkPdS3fRi8f9XCZlvj534KBsJkkdc15VC9w1nAHMPiF171pFxAGqQj3AtQwLTCoXaxuIflTKl9Iprxwac-axuRDI.dtczlFdsJSL3BAlYxdrLm2zvNa6eonfIK_gL2fmI9LU&dib_tag=se&keywords=monitor&qid=1762559212&sr=8-217
216,Amazon,monitor,,,,,,,,,https://www.amazon.com/MNTR-ASUS-60Hz-IPS-PA329CRV/dp/B0B8YSL9RD/ref=sr_1_218?dib=eyJ2IjoiMSJ9.tkJwK1Klvm2EUxVYFm_Ou1h3PUHzBg1X5DxUGCB_RBMKyKKiaTX0DZq-AGYCZ5l6OrK8kfivnIUjTfW1qTM6Oa48_6tkhsIaZfFuKSL3De_hh8CQ8Xl9NOTfFgdS0JS2qlquCn02JUBTvggFMqJkkPdS3fRi8f9XCZlvj534KBsJkkdc15VC9w1nAHMPiF171pFxAGqQj3AtQwLTCoXaxuIflTKl9Iprxwac-axuRDI.dtczlFdsJSL3BAlYxdrLm2zvNa6eonfIK_gL2fmI9LU&dib_tag=se&keywords=monitor&qid=1762559212&sr=8-218
217,Amazon,monitor,,,,,,,,,https://www.amazon.com/ASUS-viewable-eSports-Monitor-XG259QNS/dp/B0CV2219GY/ref=sr_1_221?dib=eyJ2IjoiMSJ9.tkJwK1Klvm2EUxVYFm_Ou1h3PUHzBg1X5DxUGCB_RBMKyKKiaTX0DZq-AGYCZ5l6OrK8kfivnIUjTfW1qTM6Oa48_6tkhsIaZfFuKSL3De_hh8CQ8Xl9NOTfFgdS0JS2qlquCn02JUBTvggFMqJkkPdS3fRi8f9XCZlvj534KBsJkkdc15VC9w1nAHMPiF171pFxAGqQj3AtQwLTCoXaxuIflTKl9Iprxwac-axuRDI.dtczlFdsJSL3BAlYxdrLm2zvNa6eonfIK_gL2fmI9LU&dib_tag=se&keywords=monitor&qid=1762559212&sr=8-221
218,Amazon,monitor,,"INNOCN 32"" Mini LED 4K 144Hz 3840 x 2160P Computer Gaming Monitor 1ms IPS HDR1000 HDMI 2.1 Monitor, 99% DCI-P3, USB Type-C Connectivity, Height Adjustable Stand - Black",799.99,INNOCN,32 Inches,4K UHD 2160p,Glossy,,https://www.amazon.com/INNOCN-Computer-Monitor-Connectivity-Adjustable/dp/B0CC9G5CPH/ref=sr_1_222?dib=eyJ2IjoiMSJ9.tkJwK1Klvm2EUxVYFm_Ou1h3PUHzBg1X5DxUGCB_RBMKyKKiaTX0DZq-AGYCZ5l6OrK8kfivnIUjTfW1qTM6Oa48_6tkhsIaZfFuKSL3De_hh8CQ8Xl9NOTfFgdS0JS2qlquCn02JUBTvggFMqJkkPdS3fRi8f9XCZlvj534KBsJkkdc15VC9w1nAHMPiF171pFxAGqQj3AtQwLTCoXaxuIflTKl9Iprxwac-axuRDI.dtczlFdsJSL3BAlYxdrLm2zvNa6eonfIK_gL2fmI9LU&dib_tag=se&keywords=monitor&qid=1762559212&sr=8-222
219,Amazon,monitor,,,,,,,,,https://www.amazon.com/ASUS-Gaming-Curved-Monitor-VG27VQM1B/dp/B0CZWT9782/ref=sr_1_223?dib=eyJ2IjoiMSJ9.tkJwK1Klvm2EUxVYFm_Ou1h3PUHzBg1X5DxUGCB_RBMKyKKiaTX0DZq-AGYCZ5l6OrK8kfivnIUjTfW1qTM6Oa48_6tkhsIaZfFuKSL3De_hh8CQ8Xl9NOTfFgdS0JS2qlquCn02JUBTvggFMqJkkPdS3fRi8f9XCZlvj534KBsJkkdc15VC9w1nAHMPiF171pFxAGqQj3AtQwLTCoXaxuIflTKl9Iprxwac-axuRDI.dtczlFdsJSL3BAlYxdrLm2zvNa6eonfIK_gL2fmI9LU&dib_tag=se&keywords=monitor&qid=1762559212&sr=8-223
220,Amazon,monitor,,"KTC 27 Inch Gaming Monitor 200Hz, 1440P Monitor with Speakers, Up to 210Hz Computer Monitors Fast IPS 1ms, 131% sRGB, Adaptive Sync, Tilt/Swivel/Pivot/Height Adjustment, HDMI DisplayPort, White H27T6",209.99,KTC,27 Inches,QHD Wide 1440p,Matte,,https://www.amazon.com/KTC-Speakers-Adjustment-DisplayPort-H27T6/dp/B0FGX75QZ9/ref=sr_1_224?dib=eyJ2IjoiMSJ9.tkJwK1Klvm2EUxVYFm_Ou1h3PUHzBg1X5DxUGCB_RBMKyKKiaTX0DZq-AGYCZ5l6OrK8kfivnIUjTfW1qTM6Oa48_6tkhsIaZfFuKSL3De_hh8CQ8Xl9NOTfFgdS0JS2qlquCn02JUBTvggFMqJkkPdS3fRi8f9XCZlvj534KBsJkkdc15VC9w1nAHMPiF171pFxAGqQj3AtQwLTCoXaxuIflTKl9Iprxwac-axuRDI.dtczlFdsJSL3BAlYxdrLm2zvNa6eonfIK_gL2fmI9LU&dib_tag=se&keywords=monitor&qid=1762559212&sr=8-224
221,Amazon,monitor,,,,,,,,,https://www.amazon.com/ASUS-XG259CMS-Compatible-DisplayWidget-warranty/dp/B0CV22HQR3/ref=sr_1_225?dib=eyJ2IjoiMSJ9.tkJwK1Klvm2EUxVYFm_Ou1h3PUHzBg1X5DxUGCB_RBMKyKKiaTX0DZq-AGYCZ5l6OrK8kfivnIUjTfW1qTM6Oa48_6tkhsIaZfFuKSL3De_hh8CQ8Xl9NOTfFgdS0JS2qlquCn02JUBTvggFMqJkkPdS3fRi8f9XCZlvj534KBsJkkdc15VC9w1nAHMPiF171pFxAGqQj3AtQwLTCoXaxuIflTKl9Iprxwac-axuRDI.dtczlFdsJSL3BAlYxdrLm2zvNa6eonfIK_gL2fmI9LU&dib_tag=se&keywords=monitor&qid=1762559212&sr=8-225
222,Amazon,monitor,,,,,,,,,https://www.amazon.com/2560x1440-FreeSync-DisplayHDR-ErgoStand-F3bmiiprx/dp/B0CZ7P8P4C/ref=sr_1_226?dib=eyJ2IjoiMSJ9.tkJwK1Klvm2EUxVYFm_Ou1h3PUHzBg1X5DxUGCB_RBMKyKKiaTX0DZq-AGYCZ5l6OrK8kfivnIUjTfW1qTM6Oa48_6tkhsIaZfFuKSL3De_hh8CQ8Xl9NOTfFgdS0JS2qlquCn02JUBTvggFMqJkkPdS3fRi8f9XCZlvj534KBsJkkdc15VC9w1nAHMPiF171pFxAGqQj3AtQwLTCoXaxuIflTKl9Iprxwac-axuRDI.dtczlFdsJSL3BAlYxdrLm2zvNa6eonfIK_gL2fmI9LU&dib_tag=se&keywords=monitor&qid=1762559212&sr=8-226
223,Amazon,monitor,,,,,,,,,https://www.amazon.com/Samsung-Streaming-Speakers-Accessibility-LS27FM502ENXZA/dp/B0FKKFG6LT/ref=sr_1_228?dib=eyJ2IjoiMSJ9.tkJwK1Klvm2EUxVYFm_Ou1h3PUHzBg1X5DxUGCB_RBMKyKKiaTX0DZq-AGYCZ5l6OrK8kfivnIUjTfW1qTM6Oa48_6tkhsIaZfFuKSL3De_hh8CQ8Xl9NOTfFgdS0JS2qlquCn02JUBTvggFMqJkkPdS3fRi8f9XCZlvj534KBsJkkdc15VC9w1nAHMPiF171pFxAGqQj3AtQwLTCoXaxuIflTKl9Iprxwac-axuRDI.dtczlFdsJSL3BAlYxdrLm2zvNa6eonfIK_gL2fmI9LU&dib_tag=se&keywords=monitor&qid=1762559212&sr=8-228
224,Amazon,monitor,,"Samsung 32"" Essential S3 Series FHD Curved Monitor, 1800R, Game Mode, 100Hz Refresh Rate, Game Mode, Eye Saver Mode, Black, with HDMI Cable",399.9,Samsung,32 Inches,FHD 1080p,,,https://www.amazon.com/Samsung-Essential-Curved-Monitor-Refresh/dp/B0FHQ4FS88/ref=sr_1_227?dib=eyJ2IjoiMSJ9.tkJwK1Klvm2EUxVYFm_Ou1h3PUHzBg1X5DxUGCB_RBMKyKKiaTX0DZq-AGYCZ5l6OrK8kfivnIUjTfW1qTM6Oa48_6tkhsIaZfFuKSL3De_hh8CQ8Xl9NOTfFgdS0JS2qlquCn02JUBTvggFMqJkkPdS3fRi8f9XCZlvj534KBsJkkdc15VC9w1nAHMPiF171pFxAGqQj3AtQwLTCoXaxuIflTKl9Iprxwac-axuRDI.dtczlFdsJSL3BAlYxdrLm2zvNa6eonfIK_gL2fmI9LU&dib_tag=se&keywords=monitor&qid=1762559212&sr=8-227
225,Amazon,monitor,,,,,,,,,https://www.amazon.com/MSI-MAG-274CXF-DisplayPort-Mountable/dp/B0DJRWNB4B/ref=sr_1_227?dib=eyJ2IjoiMSJ9.DcP4r-IH5Rpl4Egrphy1-ty0ISozZVjIeSNhLxy9DOQrc1YqCUcHaVgiDtyCKHtj66zJaO_I9Zrhkdpqo9wbK-SedJsPhd7_zbMIpyfL0kaXx9TJCFca057rvbravfcepwL-tuPU02jxdunbUaPY8AzJWX1a7mo7u9Wg4pq6VtxziI-VLG6EnxjkAJFYsRl2Slis06mkVu7mZtGM_2GB-y14-LFRYcCY882S9r6zULc.fudw7KukrgGs4nBB_RReWZ2reezyLyacfssN0sXPVBA&dib_tag=se&keywords=monitor&qid=1762559218&sr=8-227
226,Amazon,monitor,,"Samsung Monitor for Business Gaming, 27"" FHD Curved Widescreen LED Slim Bezel Anti-Glare, AMD FreeSync, 4ms Response Time, 60Hz Refresh Rate, Ultra-Slim, HDMI, DisplayPort, HDMI Cable",185.0,Samsung,27 Inches,FHD 1080p,Glossy,,https://www.amazon.com/Business-Widescreen-Anti-Glare-Ultra-Slim-DisplayPort/dp/B09R26WLL6/ref=sr_1_229?dib=eyJ2IjoiMSJ9.DcP4r-IH5Rpl4Egrphy1-ty0ISozZVjIeSNhLxy9DOQrc1YqCUcHaVgiDtyCKHtj66zJaO_I9Zrhkdpqo9wbK-SedJsPhd7_zbMIpyfL0kaXx9TJCFca057rvbravfcepwL-tuPU02jxdunbUaPY8AzJWX1a7mo7u9Wg4pq6VtxziI-VLG6EnxjkAJFYsRl2Slis06mkVu7mZtGM_2GB-y14-LFRYcCY882S9r6zULc.fudw7KukrgGs4nBB_RReWZ2reezyLyacfssN0sXPVBA&dib_tag=se&keywords=monitor&qid=1762559218&sr=8-229
227,Amazon,monitor,,,,,,,,,https://www.amazon.com/Sceptre-34-inch-Monitor-DisplayPort-Speakers/dp/B0FHMS6993/ref=sr_1_228?dib=eyJ2IjoiMSJ9.DcP4r-IH5Rpl4Egrphy1-ty0ISozZVjIeSNhLxy9DOQrc1YqCUcHaVgiDtyCKHtj66zJaO_I9Zrhkdpqo9wbK-SedJsPhd7_zbMIpyfL0kaXx9TJCFca057rvbravfcepwL-tuPU02jxdunbUaPY8AzJWX1a7mo7u9Wg4pq6VtxziI-VLG6EnxjkAJFYsRl2Slis06mkVu7mZtGM_2GB-y14-LFRYcCY882S9r6zULc.fudw7KukrgGs4nBB_RReWZ2reezyLyacfssN0sXPVBA&dib_tag=se&keywords=monitor&qid=1762559218&sr=8-228
228,Amazon,monitor,,,,,,,,,https://www.amazon.com/ASUS-viewable-eSports-Monitor-XG259QNS/dp/B0CV2219GY/ref=sr_1_230?dib=eyJ2IjoiMSJ9.DcP4r-IH5Rpl4Egrphy1-ty0ISozZVjIeSNhLxy9DOQrc1YqCUcHaVgiDtyCKHtj66zJaO_I9Zrhkdpqo9wbK-SedJsPhd7_zbMIpyfL0kaXx9TJCFca057rvbravfcepwL-tuPU02jxdunbUaPY8AzJWX1a7mo7u9Wg4pq6VtxziI-VLG6EnxjkAJFYsRl2Slis06mkVu7mZtGM_2GB-y14-LFRYcCY882S9r6zULc.fudw7KukrgGs4nBB_RReWZ2reezyLyacfssN0sXPVBA&dib_tag=se&keywords=monitor&qid=1762559218&sr=8-230
229,Amazon,monitor,,"MSI MAG 321UP QD-OLED 32-inch QD-OLED 3840 x 2160 (UHD) Computer Monitor, 165Hz, Adaptive-Sync, HDMI, Display Port, VGA Port, VESA Mountable, Tilt, Height Adjustable, Speaker, 0.03ms, Black",775.98,msi,32 Inches,4K UHD 2160p,Glossy,,https://www.amazon.com/MSI-MAG-321UP-QD-OLED-Adaptive-Synch/dp/B0D9HY3JH2/ref=sr_1_231?dib=eyJ2IjoiMSJ9.DcP4r-IH5Rpl4Egrphy1-ty0ISozZVjIeSNhLxy9DOQrc1YqCUcHaVgiDtyCKHtj66zJaO_I9Zrhkdpqo9wbK-SedJsPhd7_zbMIpyfL0kaXx9TJCFca057rvbravfcepwL-tuPU02jxdunbUaPY8AzJWX1a7mo7u9Wg4pq6VtxziI-VLG6EnxjkAJFYsRl2Slis06mkVu7mZtGM_2GB-y14-LFRYcCY882S9r6zULc.fudw7KukrgGs4nBB_RReWZ2reezyLyacfssN0sXPVBA&dib_tag=se&keywords=monitor&qid=1762559218&sr=8-231
230,Amazon,monitor,,,,,,,,,https://www.amazon.com/MNTR-ASUS-60Hz-IPS-PA329CRV/dp/B0B8YSL9RD/ref=sr_1_232?dib=eyJ2IjoiMSJ9.DcP4r-IH5Rpl4Egrphy1-ty0ISozZVjIeSNhLxy9DOQrc1YqCUcHaVgiDtyCKHtj66zJaO_I9Zrhkdpqo9wbK-SedJsPhd7_zbMIpyfL0kaXx9TJCFca057rvbravfcepwL-tuPU02jxdunbUaPY8AzJWX1a7mo7u9Wg4pq6VtxziI-VLG6EnxjkAJFYsRl2Slis06mkVu7mZtGM_2GB-y14-LFRYcCY882S9r6zULc.fudw7KukrgGs4nBB_RReWZ2reezyLyacfssN0sXPVBA&dib_tag=se&keywords=monitor&qid=1762559218&sr=8-232
231,Amazon,monitor,,,,,,,,,https://www.amazon.com/INNOCN-Computer-Monitor-Connectivity-Adjustable/dp/B0CC9G5CPH/ref=sr_1_233?dib=eyJ2IjoiMSJ9.DcP4r-IH5Rpl4Egrphy1-ty0ISozZVjIeSNhLxy9DOQrc1YqCUcHaVgiDtyCKHtj66zJaO_I9Zrhkdpqo9wbK-SedJsPhd7_zbMIpyfL0kaXx9TJCFca057rvbravfcepwL-tuPU02jxdunbUaPY8AzJWX1a7mo7u9Wg4pq6VtxziI-VLG6EnxjkAJFYsRl2Slis06mkVu7mZtGM_2GB-y14-LFRYcCY882S9r6zULc.fudw7KukrgGs4nBB_RReWZ2reezyLyacfssN0sXPVBA&dib_tag=se&keywords=monitor&qid=1762559218&sr=8-233
232,Amazon,monitor,,,,,,,,,https://www.amazon.com/ASUS-XG259CMS-Compatible-DisplayWidget-warranty/dp/B0CV22HQR3/ref=sr_1_234?dib=eyJ2IjoiMSJ9.DcP4r-IH5Rpl4Egrphy1-ty0ISozZVjIeSNhLxy9DOQrc1YqCUcHaVgiDtyCKHtj66zJaO_I9Zrhkdpqo9wbK-SedJsPhd7_zbMIpyfL0kaXx9TJCFca057rvbravfcepwL-tuPU02jxdunbUaPY8AzJWX1a7mo7u9Wg4pq6VtxziI-VLG6EnxjkAJFYsRl2Slis06mkVu7mZtGM_2GB-y14-LFRYcCY882S9r6zULc.fudw7KukrgGs4nBB_RReWZ2reezyLyacfssN0sXPVBA&dib_tag=se&keywords=monitor&qid=1762559218&sr=8-234
233,Amazon,monitor,,,,,,,,,https://www.amazon.com/SAMSUNG-Streaming-Upscaling-Ergonomic-LS32DM801UNXZA/dp/B0D1DBQRRS/ref=sr_1_237?dib=eyJ2IjoiMSJ9.DcP4r-IH5Rpl4Egrphy1-ty0ISozZVjIeSNhLxy9DOQrc1YqCUcHaVgiDtyCKHtj66zJaO_I9Zrhkdpqo9wbK-SedJsPhd7_zbMIpyfL0kaXx9TJCFca057rvbravfcepwL-tuPU02jxdunbUaPY8AzJWX1a7mo7u9Wg4pq6VtxziI-VLG6EnxjkAJFYsRl2Slis06mkVu7mZtGM_2GB-y14-LFRYcCY882S9r6zULc.fudw7KukrgGs4nBB_RReWZ2reezyLyacfssN0sXPVBA&dib_tag=se&keywords=monitor&qid=1762559218&sr=8-237
234,Amazon,monitor,,,,,,,,,https://www.amazon.com/ASUS-Gaming-Curved-Monitor-VG27VQM1B/dp/B0CZWT9782/ref=sr_1_238?dib=eyJ2IjoiMSJ9.DcP4r-IH5Rpl4Egrphy1-ty0ISozZVjIeSNhLxy9DOQrc1YqCUcHaVgiDtyCKHtj66zJaO_I9Zrhkdpqo9wbK-SedJsPhd7_zbMIpyfL0kaXx9TJCFca057rvbravfcepwL-tuPU02jxdunbUaPY8AzJWX1a7mo7u9Wg4pq6VtxziI-VLG6EnxjkAJFYsRl2Slis06mkVu7mZtGM_2GB-y14-LFRYcCY882S9r6zULc.fudw7KukrgGs4nBB_RReWZ2reezyLyacfssN0sXPVBA&dib_tag=se&keywords=monitor&qid=1762559218&sr=8-238
235,Amazon,monitor,,,,,,,,,https://www.amazon.com/INNOCN-Ultrawide-Monitor-1080p-120Hz/dp/B09WR3SKR4/ref=sr_1_239?dib=eyJ2IjoiMSJ9.DcP4r-IH5Rpl4Egrphy1-ty0ISozZVjIeSNhLxy9DOQrc1YqCUcHaVgiDtyCKHtj66zJaO_I9Zrhkdpqo9wbK-SedJsPhd7_zbMIpyfL0kaXx9TJCFca057rvbravfcepwL-tuPU02jxdunbUaPY8AzJWX1a7mo7u9Wg4pq6VtxziI-VLG6EnxjkAJFYsRl2Slis06mkVu7mZtGM_2GB-y14-LFRYcCY882S9r6zULc.fudw7KukrgGs4nBB_RReWZ2reezyLyacfssN0sXPVBA&dib_tag=se&keywords=monitor&qid=1762559218&sr=8-239
236,Amazon,monitor,,,,,,,,,https://www.amazon.com/2560x1440-FreeSync-DisplayHDR-ErgoStand-F3bmiiprx/dp/B0CZ7P8P4C/ref=sr_1_240?dib=eyJ2IjoiMSJ9.DcP4r-IH5Rpl4Egrphy1-ty0ISozZVjIeSNhLxy9DOQrc1YqCUcHaVgiDtyCKHtj66zJaO_I9Zrhkdpqo9wbK-SedJsPhd7_zbMIpyfL0kaXx9TJCFca057rvbravfcepwL-tuPU02jxdunbUaPY8AzJWX1a7mo7u9Wg4pq6VtxziI-VLG6EnxjkAJFYsRl2Slis06mkVu7mZtGM_2GB-y14-LFRYcCY882S9r6zULc.fudw7KukrgGs4nBB_RReWZ2reezyLyacfssN0sXPVBA&dib_tag=se&keywords=monitor&qid=1762559218&sr=8-240
237,Amazon,monitor,,,,,,,,,https://www.amazon.com/GIGABYTE-5120x1440-FreeSync-Ultrawide-Adjustable/dp/B0CSZ6VCS7/ref=sr_1_242?dib=eyJ2IjoiMSJ9.DcP4r-IH5Rpl4Egrphy1-ty0ISozZVjIeSNhLxy9DOQrc1YqCUcHaVgiDtyCKHtj66zJaO_I9Zrhkdpqo9wbK-SedJsPhd7_zbMIpyfL0kaXx9TJCFca057rvbravfcepwL-tuPU02jxdunbUaPY8AzJWX1a7mo7u9Wg4pq6VtxziI-VLG6EnxjkAJFYsRl2Slis06mkVu7mZtGM_2GB-y14-LFRYcCY882S9r6zULc.fudw7KukrgGs4nBB_RReWZ2reezyLyacfssN0sXPVBA&dib_tag=se&keywords=monitor&qid=1762559218&sr=8-242
238,Amazon,monitor,,,,,,,,,https://www.amazon.com/Samsung-Streaming-Speakers-Accessibility-LS27FM502ENXZA/dp/B0FKKFG6LT/ref=sr_1_241?dib=eyJ2IjoiMSJ9.DcP4r-IH5Rpl4Egrphy1-ty0ISozZVjIeSNhLxy9DOQrc1YqCUcHaVgiDtyCKHtj66zJaO_I9Zrhkdpqo9wbK-SedJsPhd7_zbMIpyfL0kaXx9TJCFca057rvbravfcepwL-tuPU02jxdunbUaPY8AzJWX1a7mo7u9Wg4pq6VtxziI-VLG6EnxjkAJFYsRl2Slis06mkVu7mZtGM_2GB-y14-LFRYcCY882S9r6zULc.fudw7KukrgGs4nBB_RReWZ2reezyLyacfssN0sXPVBA&dib_tag=se&keywords=monitor&qid=1762559218&sr=8-241
239,Amazon,monitor,,,,,,,,,https://www.amazon.com/KTC-Speakers-Adjustment-DisplayPort-H27T6/dp/B0FGX75QZ9/ref=sr_1_243?dib=eyJ2IjoiMSJ9.DcP4r-IH5Rpl4Egrphy1-ty0ISozZVjIeSNhLxy9DOQrc1YqCUcHaVgiDtyCKHtj66zJaO_I9Zrhkdpqo9wbK-SedJsPhd7_zbMIpyfL0kaXx9TJCFca057rvbravfcepwL-tuPU02jxdunbUaPY8AzJWX1a7mo7u9Wg4pq6VtxziI-VLG6EnxjkAJFYsRl2Slis06mkVu7mZtGM_2GB-y14-LFRYcCY882S9r6zULc.fudw7KukrgGs4nBB_RReWZ2reezyLyacfssN0sXPVBA&dib_tag=se&keywords=monitor&qid=1762559218&sr=8-243
240,Amazon,monitor,,,,,,,,,https://www.amazon.com/Samsung-Essential-Curved-Monitor-Refresh/dp/B0FHQ4FS88/ref=sr_1_244?dib=eyJ2IjoiMSJ9.DcP4r-IH5Rpl4Egrphy1-ty0ISozZVjIeSNhLxy9DOQrc1YqCUcHaVgiDtyCKHtj66zJaO_I9Zrhkdpqo9wbK-SedJsPhd7_zbMIpyfL0kaXx9TJCFca057rvbravfcepwL-tuPU02jxdunbUaPY8AzJWX1a7mo7u9Wg4pq6VtxziI-VLG6EnxjkAJFYsRl2Slis06mkVu7mZtGM_2GB-y14-LFRYcCY882S9r6zULc.fudw7KukrgGs4nBB_RReWZ2reezyLyacfssN0sXPVBA&dib_tag=se&keywords=monitor&qid=1762559218&sr=8-244
241,Amazon,monitor,,,,,,,,,https://www.amazon.com/GIGABYTE-5120x1440-FreeSync-Ultrawide-Adjustable/dp/B0CSZ6VCS7/ref=sr_1_243?dib=eyJ2IjoiMSJ9.clMVYQ7n3ZX2a2XHnSY4OpjdjJsExuzvO2w0W25chGldSDBMssiatqTn6Wfl21S96St6WeFO_zCCRSU3XjiH2Qe4ZEsMoVglRpeJJrV_FG-abH8uVwfsFsRXie8pde8znOf-lupCFSkKAeIeEku9jXyfMS_3JepzqflwuM7SRXzQriooyFriJL2EP1pkZJkrl0iOYlA4GB_kGHuyNSrEoDyKjVXJVnWpKN_hMth1s34.Vf3NwxDuFjaOFKDo3cgEqKFQ9moX3CHDTcNGGM79uJ0&dib_tag=se&keywords=monitor&qid=1762559221&sr=8-243
242,Amazon,monitor,,,,,,,,,https://www.amazon.com/ASUS-Gaming-Curved-Monitor-VG27VQM1B/dp/B0CZWT9782/ref=sr_1_244?dib=eyJ2IjoiMSJ9.clMVYQ7n3ZX2a2XHnSY4OpjdjJsExuzvO2w0W25chGldSDBMssiatqTn6Wfl21S96St6WeFO_zCCRSU3XjiH2Qe4ZEsMoVglRpeJJrV_FG-abH8uVwfsFsRXie8pde8znOf-lupCFSkKAeIeEku9jXyfMS_3JepzqflwuM7SRXzQriooyFriJL2EP1pkZJkrl0iOYlA4GB_kGHuyNSrEoDyKjVXJVnWpKN_hMth1s34.Vf3NwxDuFjaOFKDo3cgEqKFQ9moX3CHDTcNGGM79uJ0&dib_tag=se&keywords=monitor&qid=1762559221&sr=8-244
243,Amazon,monitor,,,,,,,,,https://www.amazon.com/KTC-Speakers-Adjustment-DisplayPort-H27T6/dp/B0FGX75QZ9/ref=sr_1_245?dib=eyJ2IjoiMSJ9.clMVYQ7n3ZX2a2XHnSY4OpjdjJsExuzvO2w0W25chGldSDBMssiatqTn6Wfl21S96St6WeFO_zCCRSU3XjiH2Qe4ZEsMoVglRpeJJrV_FG-abH8uVwfsFsRXie8pde8znOf-lupCFSkKAeIeEku9jXyfMS_3JepzqflwuM7SRXzQriooyFriJL2EP1pkZJkrl0iOYlA4GB_kGHuyNSrEoDyKjVXJVnWpKN_hMth1s34.Vf3NwxDuFjaOFKDo3cgEqKFQ9moX3CHDTcNGGM79uJ0&dib_tag=se&keywords=monitor&qid=1762559221&sr=8-245
244,Amazon,monitor,,"INNOCN Ultrawide Monitor 43.8"" WFHD 3840 x 1080p 120Hz 32:9 IPS Computer Split Screen 96% DCI-P3 HDR400 FreeSync Premium USB Type-C HDMI Height Adjustable Mountable - 44C1G",449.99,INNOCN,43.8 Inches,FHD 1080p Ultra Wide,Matte,,https://www.amazon.com/INNOCN-Ultrawide-Monitor-1080p-120Hz/dp/B09WR3SKR4/ref=sr_1_246?dib=eyJ2IjoiMSJ9.clMVYQ7n3ZX2a2XHnSY4OpjdjJsExuzvO2w0W25chGldSDBMssiatqTn6Wfl21S96St6WeFO_zCCRSU3XjiH2Qe4ZEsMoVglRpeJJrV_FG-abH8uVwfsFsRXie8pde8znOf-lupCFSkKAeIeEku9jXyfMS_3JepzqflwuM7SRXzQriooyFriJL2EP1pkZJkrl0iOYlA4GB_kGHuyNSrEoDyKjVXJVnWpKN_hMth1s34.Vf3NwxDuFjaOFKDo3cgEqKFQ9moX3CHDTcNGGM79uJ0&dib_tag=se&keywords=monitor&qid=1762559221&sr=8-246
245,Amazon,monitor,,,,,,,,,https://www.amazon.com/LG-Thunderbolt-Professional-DisplayHDR-DisplayPort/dp/B0FR547FXH/ref=sr_1_247?dib=eyJ2IjoiMSJ9.clMVYQ7n3ZX2a2XHnSY4OpjdjJsExuzvO2w0W25chGldSDBMssiatqTn6Wfl21S96St6WeFO_zCCRSU3XjiH2Qe4ZEsMoVglRpeJJrV_FG-abH8uVwfsFsRXie8pde8znOf-lupCFSkKAeIeEku9jXyfMS_3JepzqflwuM7SRXzQriooyFriJL2EP1pkZJkrl0iOYlA4GB_kGHuyNSrEoDyKjVXJVnWpKN_hMth1s34.Vf3NwxDuFjaOFKDo3cgEqKFQ9moX3CHDTcNGGM79uJ0&dib_tag=se&keywords=monitor&qid=1762559221&sr=8-247
246,Amazon,monitor,,,,,,,,,https://www.amazon.com/Gawfolk-Ultrawide-2560%C3%971080P-Ultra-Thin-Wall-Mounted/dp/B0FDFHSB9X/ref=sr_1_248?dib=eyJ2IjoiMSJ9.clMVYQ7n3ZX2a2XHnSY4OpjdjJsExuzvO2w0W25chGldSDBMssiatqTn6Wfl21S96St6WeFO_zCCRSU3XjiH2Qe4ZEsMoVglRpeJJrV_FG-abH8uVwfsFsRXie8pde8znOf-lupCFSkKAeIeEku9jXyfMS_3JepzqflwuM7SRXzQriooyFriJL2EP1pkZJkrl0iOYlA4GB_kGHuyNSrEoDyKjVXJVnWpKN_hMth1s34.Vf3NwxDuFjaOFKDo3cgEqKFQ9moX3CHDTcNGGM79uJ0&dib_tag=se&keywords=monitor&qid=1762559221&sr=8-248
247,Amazon,monitor,,,,,,,,,https://www.amazon.com/Samsung-Essential-Curved-Monitor-Refresh/dp/B0FHQ4FS88/ref=sr_1_249?dib=eyJ2IjoiMSJ9.clMVYQ7n3ZX2a2XHnSY4OpjdjJsExuzvO2w0W25chGldSDBMssiatqTn6Wfl21S96St6WeFO_zCCRSU3XjiH2Qe4ZEsMoVglRpeJJrV_FG-abH8uVwfsFsRXie8pde8znOf-lupCFSkKAeIeEku9jXyfMS_3JepzqflwuM7SRXzQriooyFriJL2EP1pkZJkrl0iOYlA4GB_kGHuyNSrEoDyKjVXJVnWpKN_hMth1s34.Vf3NwxDuFjaOFKDo3cgEqKFQ9moX3CHDTcNGGM79uJ0&dib_tag=se&keywords=monitor&qid=1762559221&sr=8-249
248,Amazon,monitor,,,,,,,,,https://www.amazon.com/Apple-Studio-Display-Nano-Texture-Tilt-Adjustable/dp/B09V3HP4KL/ref=sr_1_250?dib=eyJ2IjoiMSJ9.clMVYQ7n3ZX2a2XHnSY4OpjdjJsExuzvO2w0W25chGldSDBMssiatqTn6Wfl21S96St6WeFO_zCCRSU3XjiH2Qe4ZEsMoVglRpeJJrV_FG-abH8uVwfsFsRXie8pde8znOf-lupCFSkKAeIeEku9jXyfMS_3JepzqflwuM7SRXzQriooyFriJL2EP1pkZJkrl0iOYlA4GB_kGHuyNSrEoDyKjVXJVnWpKN_hMth1s34.Vf3NwxDuFjaOFKDo3cgEqKFQ9moX3CHDTcNGGM79uJ0&dib_tag=se&keywords=monitor&qid=1762559221&sr=8-250
249,Amazon,monitor,,,,,,,,,https://www.amazon.com/Big-Gun-Monitors-Ian-Buxton-ebook/dp/B00K5B2W00/ref=sr_1_253?dib=eyJ2IjoiMSJ9.clMVYQ7n3ZX2a2XHnSY4OpjdjJsExuzvO2w0W25chGldSDBMssiatqTn6Wfl21S96St6WeFO_zCCRSU3XjiH2Qe4ZEsMoVglRpeJJrV_FG-abH8uVwfsFsRXie8pde8znOf-lupCFSkKAeIeEku9jXyfMS_3JepzqflwuM7SRXzQriooyFriJL2EP1pkZJkrl0iOYlA4GB_kGHuyNSrEoDyKjVXJVnWpKN_hMth1s34.Vf3NwxDuFjaOFKDo3cgEqKFQ9moX3CHDTcNGGM79uJ0&dib_tag=se&keywords=monitor&qid=1762559221&sr=8-253
250,Amazon,monitor,,,,,,,,,https://www.amazon.com/WALI-Monitor-Screens-Adjustable-Rotation/dp/B0DPQGYK1S/ref=sr_1_254?dib=eyJ2IjoiMSJ9.clMVYQ7n3ZX2a2XHnSY4OpjdjJsExuzvO2w0W25chGldSDBMssiatqTn6Wfl21S96St6WeFO_zCCRSU3XjiH2Qe4ZEsMoVglRpeJJrV_FG-abH8uVwfsFsRXie8pde8znOf-lupCFSkKAeIeEku9jXyfMS_3JepzqflwuM7SRXzQriooyFriJL2EP1pkZJkrl0iOYlA4GB_kGHuyNSrEoDyKjVXJVnWpKN_hMth1s34.Vf3NwxDuFjaOFKDo3cgEqKFQ9moX3CHDTcNGGM79uJ0&dib_tag=se&keywords=monitor&qid=1762559221&sr=8-254
251,Amazon,monitor,,,,,,,,,https://www.amazon.com/Monitor-English-Subtitled-Pal-Sletaune/dp/B0FFSFK1ZZ/ref=sr_1_255?dib=eyJ2IjoiMSJ9.clMVYQ7n3ZX2a2XHnSY4OpjdjJsExuzvO2w0W25chGldSDBMssiatqTn6Wfl21S96St6WeFO_zCCRSU3XjiH2Qe4ZEsMoVglRpeJJrV_FG-abH8uVwfsFsRXie8pde8znOf-lupCFSkKAeIeEku9jXyfMS_3JepzqflwuM7SRXzQriooyFriJL2EP1pkZJkrl0iOYlA4GB_kGHuyNSrEoDyKjVXJVnWpKN_hMth1s34.Vf3NwxDuFjaOFKDo3cgEqKFQ9moX3CHDTcNGGM79uJ0&dib_tag=se&keywords=monitor&qid=1762559221&sr=8-255
252,Amazon,monitor,,,,,,,,,https://www.amazon.com/HUANUO-Monitor-Ultrawide-Aluminum-Adjustable/dp/B0DQ19YC9H/ref=sr_1_256?dib=eyJ2IjoiMSJ9.clMVYQ7n3ZX2a2XHnSY4OpjdjJsExuzvO2w0W25chGldSDBMssiatqTn6Wfl21S96St6WeFO_zCCRSU3XjiH2Qe4ZEsMoVglRpeJJrV_FG-abH8uVwfsFsRXie8pde8znOf-lupCFSkKAeIeEku9jXyfMS_3JepzqflwuM7SRXzQriooyFriJL2EP1pkZJkrl0iOYlA4GB_kGHuyNSrEoDyKjVXJVnWpKN_hMth1s34.Vf3NwxDuFjaOFKDo3cgEqKFQ9moX3CHDTcNGGM79uJ0&dib_tag=se&keywords=monitor&qid=1762559221&sr=8-256
253,Amazon,monitor,,,,,,,,,https://www.amazon.com/GIGABYTE-GS27Q-Advanced-2560x1440-180Hz-FreeSync/dp/B0D1RM2TQW/ref=sr_1_258?dib=eyJ2IjoiMSJ9.clMVYQ7n3ZX2a2XHnSY4OpjdjJsExuzvO2w0W25chGldSDBMssiatqTn6Wfl21S96St6WeFO_zCCRSU3XjiH2Qe4ZEsMoVglRpeJJrV_FG-abH8uVwfsFsRXie8pde8znOf-lupCFSkKAeIeEku9jXyfMS_3JepzqflwuM7SRXzQriooyFriJL2EP1pkZJkrl0iOYlA4GB_kGHuyNSrEoDyKjVXJVnWpKN_hMth1s34.Vf3NwxDuFjaOFKDo3cgEqKFQ9moX3CHDTcNGGM79uJ0&dib_tag=se&keywords=monitor&qid=1762559221&sr=8-258
254,Amazon,monitor,,,,,,,,,https://www.amazon.com/ZZA-Computer-Monitors-Borderless-Wallmount/dp/B0FNM7RQ5P/ref=sr_1_257?dib=eyJ2IjoiMSJ9.clMVYQ7n3ZX2a2XHnSY4OpjdjJsExuzvO2w0W25chGldSDBMssiatqTn6Wfl21S96St6WeFO_zCCRSU3XjiH2Qe4ZEsMoVglRpeJJrV_FG-abH8uVwfsFsRXie8pde8znOf-lupCFSkKAeIeEku9jXyfMS_3JepzqflwuM7SRXzQriooyFriJL2EP1pkZJkrl0iOYlA4GB_kGHuyNSrEoDyKjVXJVnWpKN_hMth1s34.Vf3NwxDuFjaOFKDo3cgEqKFQ9moX3CHDTcNGGM79uJ0&dib_tag=se&keywords=monitor&qid=1762559221&sr=8-257
255,Amazon,monitor,,,,,,,,,https://www.amazon.com/Sealan-1920x1080-Curvature-Ultra-Thin-Entertainment/dp/B0DQTGX1TY/ref=sr_1_260?dib=eyJ2IjoiMSJ9.clMVYQ7n3ZX2a2XHnSY4OpjdjJsExuzvO2w0W25chGldSDBMssiatqTn6Wfl21S96St6WeFO_zCCRSU3XjiH2Qe4ZEsMoVglRpeJJrV_FG-abH8uVwfsFsRXie8pde8znOf-lupCFSkKAeIeEku9jXyfMS_3JepzqflwuM7SRXzQriooyFriJL2EP1pkZJkrl0iOYlA4GB_kGHuyNSrEoDyKjVXJVnWpKN_hMth1s34.Vf3NwxDuFjaOFKDo3cgEqKFQ9moX3CHDTcNGGM79uJ0&dib_tag=se&keywords=monitor&qid=1762559221&sr=8-260
256,Amazon,monitor,,"SAMSUNG 27-Inch M5 (M50D) Series FHD Smart Monitor with Streaming TV, Speakers, HDR10, Gaming Hub, Multiple Ports, Workout Tracker, Vision Accessibility Tools, LS27DM500ENXGO, 2024",279.99,Samsung,27 Inches,FHD 1080p,Matte,,https://www.amazon.com/SAMSUNG-Streaming-Speakers-Accessibility-LS27DM500ENXGO/dp/B0D1DWXRPT/ref=sr_1_259?dib=eyJ2IjoiMSJ9.clMVYQ7n3ZX2a2XHnSY4OpjdjJsExuzvO2w0W25chGldSDBMssiatqTn6Wfl21S96St6WeFO_zCCRSU3XjiH2Qe4ZEsMoVglRpeJJrV_FG-abH8uVwfsFsRXie8pde8znOf-lupCFSkKAeIeEku9jXyfMS_3JepzqflwuM7SRXzQriooyFriJL2EP1pkZJkrl0iOYlA4GB_kGHuyNSrEoDyKjVXJVnWpKN_hMth1s34.Vf3NwxDuFjaOFKDo3cgEqKFQ9moX3CHDTcNGGM79uJ0&dib_tag=se&keywords=monitor&qid=1762559221&sr=8-259
257,Amazon,monitor,,,,,,,,,https://www.amazon.com/CRUA-Ultrawide-Gaming-Monitor-Built/dp/B0FJS4K2NB/ref=sr_1_259?dib=eyJ2IjoiMSJ9.o0cmQzjPLb7MQOzBpXeg6JHSyaZ7r4_Arv-3iCXwIFwjNRpvOZaLNjN8Z1cxFeDKKRNCyQGillO8mUf4oGnfHBOuDgRukx-sIvcWRLQwIuoYGGpRZ2eKoybcV35H4wIYmBrRZ2MCR2mKNYGxp5uVPx1cooLXBfwlRczjcAH7hBiTMeoSD5D2GmG8BCQXhC4aMxDkVno7X29Kl-2LymI3Slqo3VDeSBqcnWX6vPaJ5iE.f7YqTdfh9sqXTVRxp6e7tU4OQ0PcojgR2w94LwjzOlM&dib_tag=se&keywords=monitor&qid=1762559225&sr=8-259
258,Amazon,monitor,,,,,,,,,https://www.amazon.com/LG-27MS500-B-1920x1080-Borderless-Stabilizer/dp/B0CXKPZ13D/ref=sr_1_261?dib=eyJ2IjoiMSJ9.o0cmQzjPLb7MQOzBpXeg6JHSyaZ7r4_Arv-3iCXwIFwjNRpvOZaLNjN8Z1cxFeDKKRNCyQGillO8mUf4oGnfHBOuDgRukx-sIvcWRLQwIuoYGGpRZ2eKoybcV35H4wIYmBrRZ2MCR2mKNYGxp5uVPx1cooLXBfwlRczjcAH7hBiTMeoSD5D2GmG8BCQXhC4aMxDkVno7X29Kl-2LymI3Slqo3VDeSBqcnWX6vPaJ5iE.f7YqTdfh9sqXTVRxp6e7tU4OQ0PcojgR2w94LwjzOlM&dib_tag=se&keywords=monitor&qid=1762559225&sr=8-261
259,Amazon,monitor,,,,,,,,,https://www.amazon.com/LG-27GX790A-B-Ultragear-DisplayPort-FreeSync/dp/B0DMPTN8DG/ref=sr_1_260?dib=eyJ2IjoiMSJ9.o0cmQzjPLb7MQOzBpXeg6JHSyaZ7r4_Arv-3iCXwIFwjNRpvOZaLNjN8Z1cxFeDKKRNCyQGillO8mUf4oGnfHBOuDgRukx-sIvcWRLQwIuoYGGpRZ2eKoybcV35H4wIYmBrRZ2MCR2mKNYGxp5uVPx1cooLXBfwlRczjcAH7hBiTMeoSD5D2GmG8BCQXhC4aMxDkVno7X29Kl-2LymI3Slqo3VDeSBqcnWX6vPaJ5iE.f7YqTdfh9sqXTVRxp6e7tU4OQ0PcojgR2w94LwjzOlM&dib_tag=se&keywords=monitor&qid=1762559225&sr=8-260
260,Amazon,monitor,,,,,,,,,https://www.amazon.com/Westinghouse-Monitor-FreeSync-Speakers-DisplayPort/dp/B0DFRLYCHL/ref=sr_1_262?dib=eyJ2IjoiMSJ9.o0cmQzjPLb7MQOzBpXeg6JHSyaZ7r4_Arv-3iCXwIFwjNRpvOZaLNjN8Z1cxFeDKKRNCyQGillO8mUf4oGnfHBOuDgRukx-sIvcWRLQwIuoYGGpRZ2eKoybcV35H4wIYmBrRZ2MCR2mKNYGxp5uVPx1cooLXBfwlRczjcAH7hBiTMeoSD5D2GmG8BCQXhC4aMxDkVno7X29Kl-2LymI3Slqo3VDeSBqcnWX6vPaJ5iE.f7YqTdfh9sqXTVRxp6e7tU4OQ0PcojgR2w94LwjzOlM&dib_tag=se&keywords=monitor&qid=1762559225&sr=8-262
261,Amazon,monitor,,,,,,,,,https://www.amazon.com/Ultra-Thin-Zero-Frame-Adaptive-Sync-FreeSync-Compatible/dp/B0D9HT57LK/ref=sr_1_263?dib=eyJ2IjoiMSJ9.o0cmQzjPLb7MQOzBpXeg6JHSyaZ7r4_Arv-3iCXwIFwjNRpvOZaLNjN8Z1cxFeDKKRNCyQGillO8mUf4oGnfHBOuDgRukx-sIvcWRLQwIuoYGGpRZ2eKoybcV35H4wIYmBrRZ2MCR2mKNYGxp5uVPx1cooLXBfwlRczjcAH7hBiTMeoSD5D2GmG8BCQXhC4aMxDkVno7X29Kl-2LymI3Slqo3VDeSBqcnWX6vPaJ5iE.f7YqTdfh9sqXTVRxp6e7tU4OQ0PcojgR2w94LwjzOlM&dib_tag=se&keywords=monitor&qid=1762559225&sr=8-263
262,Amazon,monitor,,,,,,,,,https://www.amazon.com/ASUS-Curved-Gaming-Monitor-XG32WCS/dp/B0CZWLV1SD/ref=sr_1_264?dib=eyJ2IjoiMSJ9.o0cmQzjPLb7MQOzBpXeg6JHSyaZ7r4_Arv-3iCXwIFwjNRpvOZaLNjN8Z1cxFeDKKRNCyQGillO8mUf4oGnfHBOuDgRukx-sIvcWRLQwIuoYGGpRZ2eKoybcV35H4wIYmBrRZ2MCR2mKNYGxp5uVPx1cooLXBfwlRczjcAH7hBiTMeoSD5D2GmG8BCQXhC4aMxDkVno7X29Kl-2LymI3Slqo3VDeSBqcnWX6vPaJ5iE.f7YqTdfh9sqXTVRxp6e7tU4OQ0PcojgR2w94LwjzOlM&dib_tag=se&keywords=monitor&qid=1762559225&sr=8-264
263,Amazon,monitor,,,,,,,,,https://www.amazon.com/ASUS-ProArt-Display-Monitor-PA279CV/dp/B08K2GFDKM/ref=sr_1_265?dib=eyJ2IjoiMSJ9.o0cmQzjPLb7MQOzBpXeg6JHSyaZ7r4_Arv-3iCXwIFwjNRpvOZaLNjN8Z1cxFeDKKRNCyQGillO8mUf4oGnfHBOuDgRukx-sIvcWRLQwIuoYGGpRZ2eKoybcV35H4wIYmBrRZ2MCR2mKNYGxp5uVPx1cooLXBfwlRczjcAH7hBiTMeoSD5D2GmG8BCQXhC4aMxDkVno7X29Kl-2LymI3Slqo3VDeSBqcnWX6vPaJ5iE.f7YqTdfh9sqXTVRxp6e7tU4OQ0PcojgR2w94LwjzOlM&dib_tag=se&keywords=monitor&qid=1762559225&sr=8-265
264,Amazon,monitor,,"LG 27GR83Q-B 27-inch UltraGear QHD (2560x1440) IPS Gaming Monitor, 240Hz, 1ms, DisplayHDR 400, G-Sync AMD FreeSync Premium, HDMI 2.1 DisplayPort, 4-Pole HP Out DTS GP:X, Tilt/Height/Pivot Stand, Black",346.0,LG,27 Inches,QHD Ultra Wide 1440p,Matte,,https://www.amazon.com/LG-UltraGear-2560x1440-DisplayHDR-DisplayPort/dp/B0C63HDHPR/ref=sr_1_266?dib=eyJ2IjoiMSJ9.o0cmQzjPLb7MQOzBpXeg6JHSyaZ7r4_Arv-3iCXwIFwjNRpvOZaLNjN8Z1cxFeDKKRNCyQGillO8mUf4oGnfHBOuDgRukx-sIvcWRLQwIuoYGGpRZ2eKoybcV35H4wIYmBrRZ2MCR2mKNYGxp5uVPx1cooLXBfwlRczjcAH7hBiTMeoSD5D2GmG8BCQXhC4aMxDkVno7X29Kl-2LymI3Slqo3VDeSBqcnWX6vPaJ5iE.f7YqTdfh9sqXTVRxp6e7tU4OQ0PcojgR2w94LwjzOlM&dib_tag=se&keywords=monitor&qid=1762559225&sr=8-266
265,Amazon,monitor,,,,,,,,,https://www.amazon.com/HP-M24fwa-FreeSync-1920x1080-Anti-Glare/dp/B0CLF6SVT7/ref=sr_1_269?dib=eyJ2IjoiMSJ9.o0cmQzjPLb7MQOzBpXeg6JHSyaZ7r4_Arv-3iCXwIFwjNRpvOZaLNjN8Z1cxFeDKKRNCyQGillO8mUf4oGnfHBOuDgRukx-sIvcWRLQwIuoYGGpRZ2eKoybcV35H4wIYmBrRZ2MCR2mKNYGxp5uVPx1cooLXBfwlRczjcAH7hBiTMeoSD5D2GmG8BCQXhC4aMxDkVno7X29Kl-2LymI3Slqo3VDeSBqcnWX6vPaJ5iE.f7YqTdfh9sqXTVRxp6e7tU4OQ0PcojgR2w94LwjzOlM&dib_tag=se&keywords=monitor&qid=1762559225&sr=8-269
266,Amazon,monitor,,,,,,,,,https://www.amazon.com/GIGABYTE-G25F2-24-5-SuperSpeed-1920x1080-200Hz-Adjustable/dp/B0FBT83NBH/ref=sr_1_270?dib=eyJ2IjoiMSJ9.o0cmQzjPLb7MQOzBpXeg6JHSyaZ7r4_Arv-3iCXwIFwjNRpvOZaLNjN8Z1cxFeDKKRNCyQGillO8mUf4oGnfHBOuDgRukx-sIvcWRLQwIuoYGGpRZ2eKoybcV35H4wIYmBrRZ2MCR2mKNYGxp5uVPx1cooLXBfwlRczjcAH7hBiTMeoSD5D2GmG8BCQXhC4aMxDkVno7X29Kl-2LymI3Slqo3VDeSBqcnWX6vPaJ5iE.f7YqTdfh9sqXTVRxp6e7tU4OQ0PcojgR2w94LwjzOlM&dib_tag=se&keywords=monitor&qid=1762559225&sr=8-270
267,Amazon,monitor,,,,,,,,,https://www.amazon.com/KTC-Inch-100Hz-Computer-Monitor/dp/B0D4QVHWPJ/ref=sr_1_271?dib=eyJ2IjoiMSJ9.o0cmQzjPLb7MQOzBpXeg6JHSyaZ7r4_Arv-3iCXwIFwjNRpvOZaLNjN8Z1cxFeDKKRNCyQGillO8mUf4oGnfHBOuDgRukx-sIvcWRLQwIuoYGGpRZ2eKoybcV35H4wIYmBrRZ2MCR2mKNYGxp5uVPx1cooLXBfwlRczjcAH7hBiTMeoSD5D2GmG8BCQXhC4aMxDkVno7X29Kl-2LymI3Slqo3VDeSBqcnWX6vPaJ5iE.f7YqTdfh9sqXTVRxp6e7tU4OQ0PcojgR2w94LwjzOlM&dib_tag=se&keywords=monitor&qid=1762559225&sr=8-271
268,Amazon,monitor,,"MSI MAG 242F 24-inch 1920 x 1080 (FHD) Gaming Monitor, 200Hz, Adaptive Sync, HDMI, DisplayPort, VESA Mountable, Tilt, Height Adjustable, Speaker, 0.5ms, Black",119.99,msi,23.8 Inches,FHD 1080p,Matte,,https://www.amazon.com/MAG-242F-DisplayPort-Mountable-Adjustable/dp/B0F5TN13GV/ref=sr_1_272?dib=eyJ2IjoiMSJ9.o0cmQzjPLb7MQOzBpXeg6JHSyaZ7r4_Arv-3iCXwIFwjNRpvOZaLNjN8Z1cxFeDKKRNCyQGillO8mUf4oGnfHBOuDgRukx-sIvcWRLQwIuoYGGpRZ2eKoybcV35H4wIYmBrRZ2MCR2mKNYGxp5uVPx1cooLXBfwlRczjcAH7hBiTMeoSD5D2GmG8BCQXhC4aMxDkVno7X29Kl-2LymI3Slqo3VDeSBqcnWX6vPaJ5iE.f7YqTdfh9sqXTVRxp6e7tU4OQ0PcojgR2w94LwjzOlM&dib_tag=se&keywords=monitor&qid=1762559225&sr=8-272
269,Amazon,monitor,,,,,,,,,https://www.amazon.com/Yodoit-Portable-Monitor-Speakers-Compatible/dp/B0FGDCY6GD/ref=sr_1_273?dib=eyJ2IjoiMSJ9.o0cmQzjPLb7MQOzBpXeg6JHSyaZ7r4_Arv-3iCXwIFwjNRpvOZaLNjN8Z1cxFeDKKRNCyQGillO8mUf4oGnfHBOuDgRukx-sIvcWRLQwIuoYGGpRZ2eKoybcV35H4wIYmBrRZ2MCR2mKNYGxp5uVPx1cooLXBfwlRczjcAH7hBiTMeoSD5D2GmG8BCQXhC4aMxDkVno7X29Kl-2LymI3Slqo3VDeSBqcnWX6vPaJ5iE.f7YqTdfh9sqXTVRxp6e7tU4OQ0PcojgR2w94LwjzOlM&dib_tag=se&keywords=monitor&qid=1762559225&sr=8-273
270,Amazon,monitor,,,,,,,,,https://www.amazon.com/Portable-Monitor-Upgraded-Ultra-Slim-Speakers/dp/B088TLQR3K/ref=sr_1_275?dib=eyJ2IjoiMSJ9.o0cmQzjPLb7MQOzBpXeg6JHSyaZ7r4_Arv-3iCXwIFwjNRpvOZaLNjN8Z1cxFeDKKRNCyQGillO8mUf4oGnfHBOuDgRukx-sIvcWRLQwIuoYGGpRZ2eKoybcV35H4wIYmBrRZ2MCR2mKNYGxp5uVPx1cooLXBfwlRczjcAH7hBiTMeoSD5D2GmG8BCQXhC4aMxDkVno7X29Kl-2LymI3Slqo3VDeSBqcnWX6vPaJ5iE.f7YqTdfh9sqXTVRxp6e7tU4OQ0PcojgR2w94LwjzOlM&dib_tag=se&keywords=monitor&qid=1762559225&sr=8-275
271,Amazon,monitor,,LG 45GR75DC-B Ultragear Curved Gaming Monitor 45-Inch 32:9 Dual QHD 1ms 200Hz VESA DisplayHDR 600 with DCI-P3 95% AMD FreeSync Premium Pro Enhanced Gaming GUI DTS HP:X 3-Way Adjustable Stand - Black,896.95,LG,45 Inches,5K QHD 1440p,Matte,,https://www.amazon.com/LG-45GR75DC-B-45-inch-Ultragear-Monitor/dp/B0CGFD39D1/ref=sr_1_274?dib=eyJ2IjoiMSJ9.o0cmQzjPLb7MQOzBpXeg6JHSyaZ7r4_Arv-3iCXwIFwjNRpvOZaLNjN8Z1cxFeDKKRNCyQGillO8mUf4oGnfHBOuDgRukx-sIvcWRLQwIuoYGGpRZ2eKoybcV35H4wIYmBrRZ2MCR2mKNYGxp5uVPx1cooLXBfwlRczjcAH7hBiTMeoSD5D2GmG8BCQXhC4aMxDkVno7X29Kl-2LymI3Slqo3VDeSBqcnWX6vPaJ5iE.f7YqTdfh9sqXTVRxp6e7tU4OQ0PcojgR2w94LwjzOlM&dib_tag=se&keywords=monitor&qid=1762559225&sr=8-274
272,Amazon,monitor,,,,,,,,,https://www.amazon.com/BenQ-MA320U-3840x2160-Brightness-Adjustable/dp/B0DBBD6LB3/ref=sr_1_276?dib=eyJ2IjoiMSJ9.o0cmQzjPLb7MQOzBpXeg6JHSyaZ7r4_Arv-3iCXwIFwjNRpvOZaLNjN8Z1cxFeDKKRNCyQGillO8mUf4oGnfHBOuDgRukx-sIvcWRLQwIuoYGGpRZ2eKoybcV35H4wIYmBrRZ2MCR2mKNYGxp5uVPx1cooLXBfwlRczjcAH7hBiTMeoSD5D2GmG8BCQXhC4aMxDkVno7X29Kl-2LymI3Slqo3VDeSBqcnWX6vPaJ5iE.f7YqTdfh9sqXTVRxp6e7tU4OQ0PcojgR2w94LwjzOlM&dib_tag=se&keywords=monitor&qid=1762559225&sr=8-276
273,Amazon,monitor,,,,,,,,,https://www.amazon.com/Yodoit-Portable-Monitor-Speakers-Compatible/dp/B0FGDCY6GD/ref=sr_1_275?dib=eyJ2IjoiMSJ9.L7eeUOwxIuv2iTLpoAKMwaGWwHXCPnPlegZVYWlrmfkATFBcEPNjn9ugrv-jISB0JbbzZJHdGW1jOxBYaOhd9M76pgi61x4C7myjuKwodZAtOyvEcQI4oRdbk7Tykfc5WFkW51Ns_TC4I_aiBGlm546MbtEBp0sDCw2M8iPNsvtWiU-HNEnZi8uotAZj5fLs0gDcnSL96wqTudCnRjnkBytR8Nn--hnVWglMU5IVVMw.P5dqDBfhRt18YjVhnxolidEAfwFJ2ZJGdlp44JZSgP8&dib_tag=se&keywords=monitor&qid=1762559230&sr=8-275
274,Amazon,monitor,,,,,,,,,https://www.amazon.com/LG-45GR75DC-B-45-inch-Ultragear-Monitor/dp/B0CGFD39D1/ref=sr_1_276?dib=eyJ2IjoiMSJ9.L7eeUOwxIuv2iTLpoAKMwaGWwHXCPnPlegZVYWlrmfkATFBcEPNjn9ugrv-jISB0JbbzZJHdGW1jOxBYaOhd9M76pgi61x4C7myjuKwodZAtOyvEcQI4oRdbk7Tykfc5WFkW51Ns_TC4I_aiBGlm546MbtEBp0sDCw2M8iPNsvtWiU-HNEnZi8uotAZj5fLs0gDcnSL96wqTudCnRjnkBytR8Nn--hnVWglMU5IVVMw.P5dqDBfhRt18YjVhnxolidEAfwFJ2ZJGdlp44JZSgP8&dib_tag=se&keywords=monitor&qid=1762559230&sr=8-276
275,Amazon,monitor,,,,,,,,,https://www.amazon.com/Portable-Monitor-Upgraded-Ultra-Slim-Speakers/dp/B088TLQR3K/ref=sr_1_277?dib=eyJ2IjoiMSJ9.L7eeUOwxIuv2iTLpoAKMwaGWwHXCPnPlegZVYWlrmfkATFBcEPNjn9ugrv-jISB0JbbzZJHdGW1jOxBYaOhd9M76pgi61x4C7myjuKwodZAtOyvEcQI4oRdbk7Tykfc5WFkW51Ns_TC4I_aiBGlm546MbtEBp0sDCw2M8iPNsvtWiU-HNEnZi8uotAZj5fLs0gDcnSL96wqTudCnRjnkBytR8Nn--hnVWglMU5IVVMw.P5dqDBfhRt18YjVhnxolidEAfwFJ2ZJGdlp44JZSgP8&dib_tag=se&keywords=monitor&qid=1762559230&sr=8-277
276,Amazon,monitor,,,,,,,,,https://www.amazon.com/BenQ-MA320U-3840x2160-Brightness-Adjustable/dp/B0DBBD6LB3/ref=sr_1_278?dib=eyJ2IjoiMSJ9.L7eeUOwxIuv2iTLpoAKMwaGWwHXCPnPlegZVYWlrmfkATFBcEPNjn9ugrv-jISB0JbbzZJHdGW1jOxBYaOhd9M76pgi61x4C7myjuKwodZAtOyvEcQI4oRdbk7Tykfc5WFkW51Ns_TC4I_aiBGlm546MbtEBp0sDCw2M8iPNsvtWiU-HNEnZi8uotAZj5fLs0gDcnSL96wqTudCnRjnkBytR8Nn--hnVWglMU5IVVMw.P5dqDBfhRt18YjVhnxolidEAfwFJ2ZJGdlp44JZSgP8&dib_tag=se&keywords=monitor&qid=1762559230&sr=8-278
277,Amazon,monitor,,,,,,,,,https://www.amazon.com/HP-1920x1080-FreeSync-Docztorm-Anti-Glare/dp/B0CLHJNQQX/ref=sr_1_280?dib=eyJ2IjoiMSJ9.L7eeUOwxIuv2iTLpoAKMwaGWwHXCPnPlegZVYWlrmfkATFBcEPNjn9ugrv-jISB0JbbzZJHdGW1jOxBYaOhd9M76pgi61x4C7myjuKwodZAtOyvEcQI4oRdbk7Tykfc5WFkW51Ns_TC4I_aiBGlm546MbtEBp0sDCw2M8iPNsvtWiU-HNEnZi8uotAZj5fLs0gDcnSL96wqTudCnRjnkBytR8Nn--hnVWglMU5IVVMw.P5dqDBfhRt18YjVhnxolidEAfwFJ2ZJGdlp44JZSgP8&dib_tag=se&keywords=monitor&qid=1762559230&sr=8-280
278,Amazon,monitor,,,,,,,,,https://www.amazon.com/ZeroFrame-Monitor-FreeSync-KG271-X1biip/dp/B0F6VCDJM9/ref=sr_1_279?dib=eyJ2IjoiMSJ9.L7eeUOwxIuv2iTLpoAKMwaGWwHXCPnPlegZVYWlrmfkATFBcEPNjn9ugrv-jISB0JbbzZJHdGW1jOxBYaOhd9M76pgi61x4C7myjuKwodZAtOyvEcQI4oRdbk7Tykfc5WFkW51Ns_TC4I_aiBGlm546MbtEBp0sDCw2M8iPNsvtWiU-HNEnZi8uotAZj5fLs0gDcnSL96wqTudCnRjnkBytR8Nn--hnVWglMU5IVVMw.P5dqDBfhRt18YjVhnxolidEAfwFJ2ZJGdlp44JZSgP8&dib_tag=se&keywords=monitor&qid=1762559230&sr=8-279
279,Amazon,monitor,,,,,,,,,https://www.amazon.com/LG-32U889SA-W-3840x2160-Touchscreen-Adjustable/dp/B0F6G2NRDL/ref=sr_1_281?dib=eyJ2IjoiMSJ9.L7eeUOwxIuv2iTLpoAKMwaGWwHXCPnPlegZVYWlrmfkATFBcEPNjn9ugrv-jISB0JbbzZJHdGW1jOxBYaOhd9M76pgi61x4C7myjuKwodZAtOyvEcQI4oRdbk7Tykfc5WFkW51Ns_TC4I_aiBGlm546MbtEBp0sDCw2M8iPNsvtWiU-HNEnZi8uotAZj5fLs0gDcnSL96wqTudCnRjnkBytR8Nn--hnVWglMU5IVVMw.P5dqDBfhRt18YjVhnxolidEAfwFJ2ZJGdlp44JZSgP8&dib_tag=se&keywords=monitor&qid=1762559230&sr=8-281
280,Amazon,monitor,,,,,,,,,https://www.amazon.com/BenQ-PD2730S-Monitor-Thunderbolt-2000/dp/B0DY8CQZC1/ref=sr_1_282?dib=eyJ2IjoiMSJ9.L7eeUOwxIuv2iTLpoAKMwaGWwHXCPnPlegZVYWlrmfkATFBcEPNjn9ugrv-jISB0JbbzZJHdGW1jOxBYaOhd9M76pgi61x4C7myjuKwodZAtOyvEcQI4oRdbk7Tykfc5WFkW51Ns_TC4I_aiBGlm546MbtEBp0sDCw2M8iPNsvtWiU-HNEnZi8uotAZj5fLs0gDcnSL96wqTudCnRjnkBytR8Nn--hnVWglMU5IVVMw.P5dqDBfhRt18YjVhnxolidEAfwFJ2ZJGdlp44JZSgP8&dib_tag=se&keywords=monitor&qid=1762559230&sr=8-282
281,Amazon,monitor,,,,,,,,,https://www.amazon.com/Eyoyo-Security-1366x768-Resolution-Supporting/dp/B0D54BKHSN/ref=sr_1_285?dib=eyJ2IjoiMSJ9.L7eeUOwxIuv2iTLpoAKMwaGWwHXCPnPlegZVYWlrmfkATFBcEPNjn9ugrv-jISB0JbbzZJHdGW1jOxBYaOhd9M76pgi61x4C7myjuKwodZAtOyvEcQI4oRdbk7Tykfc5WFkW51Ns_TC4I_aiBGlm546MbtEBp0sDCw2M8iPNsvtWiU-HNEnZi8uotAZj5fLs0gDcnSL96wqTudCnRjnkBytR8Nn--hnVWglMU5IVVMw.P5dqDBfhRt18YjVhnxolidEAfwFJ2ZJGdlp44JZSgP8&dib_tag=se&keywords=monitor&qid=1762559230&sr=8-285
282,Amazon,monitor,,,,,,,,,https://www.amazon.com/HP-24-FHD-Monitor-Anti-Glare/dp/B0DWCCQBZX/ref=sr_1_287?dib=eyJ2IjoiMSJ9.L7eeUOwxIuv2iTLpoAKMwaGWwHXCPnPlegZVYWlrmfkATFBcEPNjn9ugrv-jISB0JbbzZJHdGW1jOxBYaOhd9M76pgi61x4C7myjuKwodZAtOyvEcQI4oRdbk7Tykfc5WFkW51Ns_TC4I_aiBGlm546MbtEBp0sDCw2M8iPNsvtWiU-HNEnZi8uotAZj5fLs0gDcnSL96wqTudCnRjnkBytR8Nn--hnVWglMU5IVVMw.P5dqDBfhRt18YjVhnxolidEAfwFJ2ZJGdlp44JZSgP8&dib_tag=se&keywords=monitor&qid=1762559230&sr=8-287
283,Amazon,monitor,,,,,,,,,https://www.amazon.com/Pixio-Refresh-Resolution-Response-Adaptive/dp/B0DWV1DSDF/ref=sr_1_286?dib=eyJ2IjoiMSJ9.L7eeUOwxIuv2iTLpoAKMwaGWwHXCPnPlegZVYWlrmfkATFBcEPNjn9ugrv-jISB0JbbzZJHdGW1jOxBYaOhd9M76pgi61x4C7myjuKwodZAtOyvEcQI4oRdbk7Tykfc5WFkW51Ns_TC4I_aiBGlm546MbtEBp0sDCw2M8iPNsvtWiU-HNEnZi8uotAZj5fLs0gDcnSL96wqTudCnRjnkBytR8Nn--hnVWglMU5IVVMw.P5dqDBfhRt18YjVhnxolidEAfwFJ2ZJGdlp44JZSgP8&dib_tag=se&keywords=monitor&qid=1762559230&sr=8-286
284,Amazon,monitor,,,,,,,,,https://www.amazon.com/LG-inch-UltraWide-Curved-Monitor/dp/B0DJSLYWM7/ref=sr_1_289?dib=eyJ2IjoiMSJ9.L7eeUOwxIuv2iTLpoAKMwaGWwHXCPnPlegZVYWlrmfkATFBcEPNjn9ugrv-jISB0JbbzZJHdGW1jOxBYaOhd9M76pgi61x4C7myjuKwodZAtOyvEcQI4oRdbk7Tykfc5WFkW51Ns_TC4I_aiBGlm546MbtEBp0sDCw2M8iPNsvtWiU-HNEnZi8uotAZj5fLs0gDcnSL96wqTudCnRjnkBytR8Nn--hnVWglMU5IVVMw.P5dqDBfhRt18YjVhnxolidEAfwFJ2ZJGdlp44JZSgP8&dib_tag=se&keywords=monitor&qid=1762559230&sr=8-289
285,Amazon,monitor,,,,,,,,,https://www.amazon.com/UPERFECT-Touchscreen-Adjustable-Ultra-Slim-Lightweight/dp/B0CMCRCF8K/ref=sr_1_288?dib=eyJ2IjoiMSJ9.L7eeUOwxIuv2iTLpoAKMwaGWwHXCPnPlegZVYWlrmfkATFBcEPNjn9ugrv-jISB0JbbzZJHdGW1jOxBYaOhd9M76pgi61x4C7myjuKwodZAtOyvEcQI4oRdbk7Tykfc5WFkW51Ns_TC4I_aiBGlm546MbtEBp0sDCw2M8iPNsvtWiU-HNEnZi8uotAZj5fLs0gDcnSL96wqTudCnRjnkBytR8Nn--hnVWglMU5IVVMw.P5dqDBfhRt18YjVhnxolidEAfwFJ2ZJGdlp44JZSgP8&dib_tag=se&keywords=monitor&qid=1762559230&sr=8-288
286,Amazon,monitor,,,,,,,,,https://www.amazon.com/Babysense-Monitor-Hack-Proof-Non-WiFi-Connection/dp/B0FL16C5FZ/ref=sr_1_290?dib=eyJ2IjoiMSJ9.L7eeUOwxIuv2iTLpoAKMwaGWwHXCPnPlegZVYWlrmfkATFBcEPNjn9ugrv-jISB0JbbzZJHdGW1jOxBYaOhd9M76pgi61x4C7myjuKwodZAtOyvEcQI4oRdbk7Tykfc5WFkW51Ns_TC4I_aiBGlm546MbtEBp0sDCw2M8iPNsvtWiU-HNEnZi8uotAZj5fLs0gDcnSL96wqTudCnRjnkBytR8Nn--hnVWglMU5IVVMw.P5dqDBfhRt18YjVhnxolidEAfwFJ2ZJGdlp44JZSgP8&dib_tag=se&keywords=monitor&qid=1762559230&sr=8-290
287,Amazon,monitor,,,,,,,,,https://www.amazon.com/Acer-EZ321Q-31-5-Monitor-White/dp/B07YGY3RLN/ref=sr_1_291?dib=eyJ2IjoiMSJ9.L7eeUOwxIuv2iTLpoAKMwaGWwHXCPnPlegZVYWlrmfkATFBcEPNjn9ugrv-jISB0JbbzZJHdGW1jOxBYaOhd9M76pgi61x4C7myjuKwodZAtOyvEcQI4oRdbk7Tykfc5WFkW51Ns_TC4I_aiBGlm546MbtEBp0sDCw2M8iPNsvtWiU-HNEnZi8uotAZj5fLs0gDcnSL96wqTudCnRjnkBytR8Nn--hnVWglMU5IVVMw.P5dqDBfhRt18YjVhnxolidEAfwFJ2ZJGdlp44JZSgP8&dib_tag=se&keywords=monitor&qid=1762559230&sr=8-291
288,Amazon,monitor,,,,,,,,,https://www.amazon.com/LG-UltraGear-3840x2160-DisplayHDR-DisplayPort/dp/B0C633799X/ref=sr_1_292?dib=eyJ2IjoiMSJ9.L7eeUOwxIuv2iTLpoAKMwaGWwHXCPnPlegZVYWlrmfkATFBcEPNjn9ugrv-jISB0JbbzZJHdGW1jOxBYaOhd9M76pgi61x4C7myjuKwodZAtOyvEcQI4oRdbk7Tykfc5WFkW51Ns_TC4I_aiBGlm546MbtEBp0sDCw2M8iPNsvtWiU-HNEnZi8uotAZj5fLs0gDcnSL96wqTudCnRjnkBytR8Nn--hnVWglMU5IVVMw.P5dqDBfhRt18YjVhnxolidEAfwFJ2ZJGdlp44JZSgP8&dib_tag=se&keywords=monitor&qid=1762559230&sr=8-292
289,Amazon,monitor,,,,,,,,,https://www.amazon.com/ETiansu-Monitor-FreeSync-Premium-Speaker/dp/B0FBRRRTW7/ref=sr_1_291?dib=eyJ2IjoiMSJ9.2CeTI136KWBQRGBkBHatL1GZooKko_zhFxev89T1GtsIzpVJaP8HoJ9p81Igc3YDAnOV8DriNoQIGg-1Ac7Lm9kMra8Ci8qcove0gtrWSg2BEBpavtJsPLCPy5uIqK4ASsijhNss7x48Lf1OaJ9R4I0vd1o9XPvLGJfQM2lDVSQ4LKESz5C49fsTwA9E5wTVpHnv9chmP_nRs0GYiBzXUN4nB96_a7cU5GaWGM8AhdQ.a6nJix2hvlsv4HADrXzwIFy1AR_PpkdOJe_2CzsMnLw&dib_tag=se&keywords=monitor&qid=1762559238&sr=8-291
290,Amazon,monitor,,,,,,,,,https://www.amazon.com/Dell-P2214HB-22-Horizontal-Vertical/dp/B09BDQ3ZHC/ref=sr_1_292?dib=eyJ2IjoiMSJ9.2CeTI136KWBQRGBkBHatL1GZooKko_zhFxev89T1GtsIzpVJaP8HoJ9p81Igc3YDAnOV8DriNoQIGg-1Ac7Lm9kMra8Ci8qcove0gtrWSg2BEBpavtJsPLCPy5uIqK4ASsijhNss7x48Lf1OaJ9R4I0vd1o9XPvLGJfQM2lDVSQ4LKESz5C49fsTwA9E5wTVpHnv9chmP_nRs0GYiBzXUN4nB96_a7cU5GaWGM8AhdQ.a6nJix2hvlsv4HADrXzwIFy1AR_PpkdOJe_2CzsMnLw&dib_tag=se&keywords=monitor&qid=1762559238&sr=8-292
291,Amazon,monitor,,,,,,,,,https://www.amazon.com/UG24-24-inch-Monitor-Refresh-Freesync/dp/B08X6DH3WK/ref=sr_1_293?dib=eyJ2IjoiMSJ9.2CeTI136KWBQRGBkBHatL1GZooKko_zhFxev89T1GtsIzpVJaP8HoJ9p81Igc3YDAnOV8DriNoQIGg-1Ac7Lm9kMra8Ci8qcove0gtrWSg2BEBpavtJsPLCPy5uIqK4ASsijhNss7x48Lf1OaJ9R4I0vd1o9XPvLGJfQM2lDVSQ4LKESz5C49fsTwA9E5wTVpHnv9chmP_nRs0GYiBzXUN4nB96_a7cU5GaWGM8AhdQ.a6nJix2hvlsv4HADrXzwIFy1AR_PpkdOJe_2CzsMnLw&dib_tag=se&keywords=monitor&qid=1762559238&sr=8-293
292,Amazon,monitor,,,,,,,,,https://www.amazon.com/Portable-Monitor-FreeSync-Frameless-Protector/dp/B08QTLYPVT/ref=sr_1_294?dib=eyJ2IjoiMSJ9.2CeTI136KWBQRGBkBHatL1GZooKko_zhFxev89T1GtsIzpVJaP8HoJ9p81Igc3YDAnOV8DriNoQIGg-1Ac7Lm9kMra8Ci8qcove0gtrWSg2BEBpavtJsPLCPy5uIqK4ASsijhNss7x48Lf1OaJ9R4I0vd1o9XPvLGJfQM2lDVSQ4LKESz5C49fsTwA9E5wTVpHnv9chmP_nRs0GYiBzXUN4nB96_a7cU5GaWGM8AhdQ.a6nJix2hvlsv4HADrXzwIFy1AR_PpkdOJe_2CzsMnLw&dib_tag=se&keywords=monitor&qid=1762559238&sr=8-294
293,Amazon,monitor,,,,,,,,,https://www.amazon.com/UFYQL-15-6-inch-1080P-Ultra-Slim-Kickstand/dp/B0DMNRG4X8/ref=sr_1_295?dib=eyJ2IjoiMSJ9.2CeTI136KWBQRGBkBHatL1GZooKko_zhFxev89T1GtsIzpVJaP8HoJ9p81Igc3YDAnOV8DriNoQIGg-1Ac7Lm9kMra8Ci8qcove0gtrWSg2BEBpavtJsPLCPy5uIqK4ASsijhNss7x48Lf1OaJ9R4I0vd1o9XPvLGJfQM2lDVSQ4LKESz5C49fsTwA9E5wTVpHnv9chmP_nRs0GYiBzXUN4nB96_a7cU5GaWGM8AhdQ.a6nJix2hvlsv4HADrXzwIFy1AR_PpkdOJe_2CzsMnLw&dib_tag=se&keywords=monitor&qid=1762559238&sr=8-295
294,Amazon,monitor,,,,,,,,,https://www.amazon.com/CUNPU-3840x2160-Freesync-Adjustment-DisplayPort/dp/B0DCNLNBTV/ref=sr_1_297?dib=eyJ2IjoiMSJ9.2CeTI136KWBQRGBkBHatL1GZooKko_zhFxev89T1GtsIzpVJaP8HoJ9p81Igc3YDAnOV8DriNoQIGg-1Ac7Lm9kMra8Ci8qcove0gtrWSg2BEBpavtJsPLCPy5uIqK4ASsijhNss7x48Lf1OaJ9R4I0vd1o9XPvLGJfQM2lDVSQ4LKESz5C49fsTwA9E5wTVpHnv9chmP_nRs0GYiBzXUN4nB96_a7cU5GaWGM8AhdQ.a6nJix2hvlsv4HADrXzwIFy1AR_PpkdOJe_2CzsMnLw&dib_tag=se&keywords=monitor&qid=1762559238&sr=8-297
295,Amazon,monitor,,,,,,,,,https://www.amazon.com/LG-38WR85QC-W-UltraWide-VESADisplayHDR-DisplayPort/dp/B0CNFK3RLV/ref=sr_1_296?dib=eyJ2IjoiMSJ9.2CeTI136KWBQRGBkBHatL1GZooKko_zhFxev89T1GtsIzpVJaP8HoJ9p81Igc3YDAnOV8DriNoQIGg-1Ac7Lm9kMra8Ci8qcove0gtrWSg2BEBpavtJsPLCPy5uIqK4ASsijhNss7x48Lf1OaJ9R4I0vd1o9XPvLGJfQM2lDVSQ4LKESz5C49fsTwA9E5wTVpHnv9chmP_nRs0GYiBzXUN4nB96_a7cU5GaWGM8AhdQ.a6nJix2hvlsv4HADrXzwIFy1AR_PpkdOJe_2CzsMnLw&dib_tag=se&keywords=monitor&qid=1762559238&sr=8-296
296,Amazon,monitor,,,,,,,,,https://www.amazon.com/Predator-Monitor-FreeSync-Premium-DisplayHDR/dp/B0D1LHC9QP/ref=sr_1_298?dib=eyJ2IjoiMSJ9.2CeTI136KWBQRGBkBHatL1GZooKko_zhFxev89T1GtsIzpVJaP8HoJ9p81Igc3YDAnOV8DriNoQIGg-1Ac7Lm9kMra8Ci8qcove0gtrWSg2BEBpavtJsPLCPy5uIqK4ASsijhNss7x48Lf1OaJ9R4I0vd1o9XPvLGJfQM2lDVSQ4LKESz5C49fsTwA9E5wTVpHnv9chmP_nRs0GYiBzXUN4nB96_a7cU5GaWGM8AhdQ.a6nJix2hvlsv4HADrXzwIFy1AR_PpkdOJe_2CzsMnLw&dib_tag=se&keywords=monitor&qid=1762559238&sr=8-298
297,Amazon,monitor,,"LG 27SR50F-W Smart Monitor 27-Inch FHD (1920x1080) IPS Display, webOS 23, HDR 10, x2 Built-in Speakers, AirPlay 2, Screen Share, Bluetooth, ThinQ App, Remote Control, White",197.0,LG,27 Inches,FHD 1080p,Matte,,https://www.amazon.com/LG-27SR50F-27-inch-Monitor-Bluetooth/dp/B0CJKP87GN/ref=sr_1_301?dib=eyJ2IjoiMSJ9.2CeTI136KWBQRGBkBHatL1GZooKko_zhFxev89T1GtsIzpVJaP8HoJ9p81Igc3YDAnOV8DriNoQIGg-1Ac7Lm9kMra8Ci8qcove0gtrWSg2BEBpavtJsPLCPy5uIqK4ASsijhNss7x48Lf1OaJ9R4I0vd1o9XPvLGJfQM2lDVSQ4LKESz5C49fsTwA9E5wTVpHnv9chmP_nRs0GYiBzXUN4nB96_a7cU5GaWGM8AhdQ.a6nJix2hvlsv4HADrXzwIFy1AR_PpkdOJe_2CzsMnLw&dib_tag=se&keywords=monitor&qid=1762559238&sr=8-301
298,Amazon,monitor,,,,,,,,,https://www.amazon.com/Sony-Compatible-DisplayHDR-Anti-Glare-DisplayPort/dp/B0D9R7HCVG/ref=sr_1_302?dib=eyJ2IjoiMSJ9.2CeTI136KWBQRGBkBHatL1GZooKko_zhFxev89T1GtsIzpVJaP8HoJ9p81Igc3YDAnOV8DriNoQIGg-1Ac7Lm9kMra8Ci8qcove0gtrWSg2BEBpavtJsPLCPy5uIqK4ASsijhNss7x48Lf1OaJ9R4I0vd1o9XPvLGJfQM2lDVSQ4LKESz5C49fsTwA9E5wTVpHnv9chmP_nRs0GYiBzXUN4nB96_a7cU5GaWGM8AhdQ.a6nJix2hvlsv4HADrXzwIFy1AR_PpkdOJe_2CzsMnLw&dib_tag=se&keywords=monitor&qid=1762559238&sr=8-302
299,Amazon,monitor,,,,,,,,,https://www.amazon.com/Acer-Frame-Office-Computer-Monitor/dp/B0148NNKTC/ref=sr_1_304?dib=eyJ2IjoiMSJ9.2CeTI136KWBQRGBkBHatL1GZooKko_zhFxev89T1GtsIzpVJaP8HoJ9p81Igc3YDAnOV8DriNoQIGg-1Ac7Lm9kMra8Ci8qcove0gtrWSg2BEBpavtJsPLCPy5uIqK4ASsijhNss7x48Lf1OaJ9R4I0vd1o9XPvLGJfQM2lDVSQ4LKESz5C49fsTwA9E5wTVpHnv9chmP_nRs0GYiBzXUN4nB96_a7cU5GaWGM8AhdQ.a6nJix2hvlsv4HADrXzwIFy1AR_PpkdOJe_2CzsMnLw&dib_tag=se&keywords=monitor&qid=1762559238&sr=8-304
300,Amazon,monitor,,,,,,,,,https://www.amazon.com/FLYTOCCA-Portable-Rotating-Detachable-Ultra-Thin/dp/B0DQGQW8YH/ref=sr_1_303?dib=eyJ2IjoiMSJ9.2CeTI136KWBQRGBkBHatL1GZooKko_zhFxev89T1GtsIzpVJaP8HoJ9p81Igc3YDAnOV8DriNoQIGg-1Ac7Lm9kMra8Ci8qcove0gtrWSg2BEBpavtJsPLCPy5uIqK4ASsijhNss7x48Lf1OaJ9R4I0vd1o9XPvLGJfQM2lDVSQ4LKESz5C49fsTwA9E5wTVpHnv9chmP_nRs0GYiBzXUN4nB96_a7cU5GaWGM8AhdQ.a6nJix2hvlsv4HADrXzwIFy1AR_PpkdOJe_2CzsMnLw&dib_tag=se&keywords=monitor&qid=1762559238&sr=8-303
301,Amazon,monitor,,,,,,,,,https://www.amazon.com/UPERFECT-Portable-3840x2160-Response-Ultra-Slim/dp/B0FH6R7KZW/ref=sr_1_306?dib=eyJ2IjoiMSJ9.2CeTI136KWBQRGBkBHatL1GZooKko_zhFxev89T1GtsIzpVJaP8HoJ9p81Igc3YDAnOV8DriNoQIGg-1Ac7Lm9kMra8Ci8qcove0gtrWSg2BEBpavtJsPLCPy5uIqK4ASsijhNss7x48Lf1OaJ9R4I0vd1o9XPvLGJfQM2lDVSQ4LKESz5C49fsTwA9E5wTVpHnv9chmP_nRs0GYiBzXUN4nB96_a7cU5GaWGM8AhdQ.a6nJix2hvlsv4HADrXzwIFy1AR_PpkdOJe_2CzsMnLw&dib_tag=se&keywords=monitor&qid=1762559238&sr=8-306
302,Amazon,monitor,,,,,,,,,https://www.amazon.com/ARZOPA-Portable-Kickstand-External-Switch-A1S/dp/B0CDQ5FWYM/ref=sr_1_305?dib=eyJ2IjoiMSJ9.2CeTI136KWBQRGBkBHatL1GZooKko_zhFxev89T1GtsIzpVJaP8HoJ9p81Igc3YDAnOV8DriNoQIGg-1Ac7Lm9kMra8Ci8qcove0gtrWSg2BEBpavtJsPLCPy5uIqK4ASsijhNss7x48Lf1OaJ9R4I0vd1o9XPvLGJfQM2lDVSQ4LKESz5C49fsTwA9E5wTVpHnv9chmP_nRs0GYiBzXUN4nB96_a7cU5GaWGM8AhdQ.a6nJix2hvlsv4HADrXzwIFy1AR_PpkdOJe_2CzsMnLw&dib_tag=se&keywords=monitor&qid=1762559238&sr=8-305
303,Amazon,monitor,,,,,,,,,https://www.amazon.com/HP-inch-Monitor-Display-panel/dp/B0CV75WYTB/ref=sr_1_307?dib=eyJ2IjoiMSJ9.2CeTI136KWBQRGBkBHatL1GZooKko_zhFxev89T1GtsIzpVJaP8HoJ9p81Igc3YDAnOV8DriNoQIGg-1Ac7Lm9kMra8Ci8qcove0gtrWSg2BEBpavtJsPLCPy5uIqK4ASsijhNss7x48Lf1OaJ9R4I0vd1o9XPvLGJfQM2lDVSQ4LKESz5C49fsTwA9E5wTVpHnv9chmP_nRs0GYiBzXUN4nB96_a7cU5GaWGM8AhdQ.a6nJix2hvlsv4HADrXzwIFy1AR_PpkdOJe_2CzsMnLw&dib_tag=se&keywords=monitor&qid=1762559238&sr=8-307
304,Amazon,monitor,,"HP Series 5 527sa Monitor with Speakers (Replaces M27fwa) 27"" 100Hz IPS FHD 99% sRGB 300 Nits Display, Adjustable Tilt, Flicker-Free, Anti-Glare, White/Silver w/DKZ USB Port Expander",189.99,HP,27 Inches,FHD 1080p,Flat,,https://www.amazon.com/HP-527sa-Adjustable-Flicker-Free-Anti-Glare/dp/B0DKLKCQ8L/ref=sr_1_308?dib=eyJ2IjoiMSJ9.2CeTI136KWBQRGBkBHatL1GZooKko_zhFxev89T1GtsIzpVJaP8HoJ9p81Igc3YDAnOV8DriNoQIGg-1Ac7Lm9kMra8Ci8qcove0gtrWSg2BEBpavtJsPLCPy5uIqK4ASsijhNss7x48Lf1OaJ9R4I0vd1o9XPvLGJfQM2lDVSQ4LKESz5C49fsTwA9E5wTVpHnv9chmP_nRs0GYiBzXUN4nB96_a7cU5GaWGM8AhdQ.a6nJix2hvlsv4HADrXzwIFy1AR_PpkdOJe_2CzsMnLw&dib_tag=se&keywords=monitor&qid=1762559238&sr=8-308
305,Amazon,monitor,,,,,,,,,https://www.amazon.com/KEEPTIME-Portable-Gaming-Monitor-2560P%C3%971440P/dp/B0CJLJS5F2/ref=sr_1_308?dib=eyJ2IjoiMSJ9.CxnXX8eR4UVFkQclbVXwg6e3amSFtBJkYIQoqYJM35U.U5If69mLOm3YDuYarllu2mq_fTnIZuElsk3suBmcCnU&dib_tag=se&keywords=monitor&qid=1762559241&sr=8-308
306,Amazon,monitor,,,,,,,,,https://www.amazon.com/ASUS-Gaming-viewable-Monitor-VG249QE5A/dp/B0F234D8G9/ref=sr_1_307?dib=eyJ2IjoiMSJ9.CxnXX8eR4UVFkQclbVXwg6e3amSFtBJkYIQoqYJM35U.U5If69mLOm3YDuYarllu2mq_fTnIZuElsk3suBmcCnU&dib_tag=se&keywords=monitor&qid=1762559241&sr=8-307
